"","SRR10551660","SRR10551661","SRR10551662","SRR10551663","SRR10551664","SRR10551665"
"Q0010",2,0,1,0,0,0
"Q0017",0,0,0,0,0,1
"Q0032",0,1,0,0,0,0
"Q0142",2,3,0,0,0,0
"RUF22",0,1,0,0,0,0
"snR53",3,4,0,0,0,0
"tA(AGC)F",0,0,0,0,0,1
"tA(AGC)J",0,1,0,0,0,0
"tA(UGC)G",0,0,1,0,0,0
"tA(UGC)L",0,0,0,0,1,1
"tA(UGC)Q",2,0,0,0,0,0
"tC(GCA)P1",2,0,0,0,1,0
"tD(GUC)D",0,1,0,0,1,0
"tD(GUC)G2",2,1,0,0,0,0
"tD(GUC)I1",1,1,0,0,0,0
"tD(GUC)J1",1,0,0,0,0,0
"tE(CUC)I",0,1,0,0,0,0
"tE(UUC)L",1,0,0,0,0,0
"tF(GAA)H2",0,1,0,0,0,0
"tF(GAA)M",0,1,0,0,0,0
"tF(GAA)Q",1,1,0,0,0,0
"tG(GCC)G1",1,1,0,0,0,0
"tG(GCC)J1",0,1,0,0,0,0
"tG(GCC)O1",1,0,0,0,3,0
"tG(GCC)O2",0,0,1,1,0,0
"tG(GCC)P1",1,0,0,0,0,0
"tG(GCC)P2",1,0,0,0,0,0
"tG(UCC)Q",0,1,0,0,0,2
"tH(GUG)E2",3,0,0,0,0,0
"tH(GUG)M",0,0,1,0,0,1
"tH(GUG)Q",2,0,0,0,0,0
"tI(AAU)D",0,0,0,1,0,0
"tI(AAU)G",0,0,0,0,0,1
"tI(AAU)L1",0,0,0,0,0,1
"tI(AAU)N1",1,0,0,0,0,0
"tI(AAU)P2",0,1,0,0,0,0
"tI(GAU)Q",2,0,1,0,0,0
"tK(CUU)C",1,0,0,0,0,0
"tK(CUU)P",1,0,0,1,0,0
"tK(UUU)G2",1,0,0,0,0,0
"tK(UUU)P",0,0,1,0,0,0
"tL(CAA)A",1,0,0,0,0,0
"tL(CAA)D",0,0,1,0,0,0
"tL(CAA)M",0,1,0,0,0,0
"tL(CAA)N",0,0,1,0,0,0
"tL(GAG)G",1,2,0,0,1,0
"tL(UAA)B2",0,0,3,0,0,1
"tL(UAA)D",0,0,0,0,0,1
"tM(CAU)C",0,1,0,0,0,0
"tM(CAU)D",0,0,0,0,1,0
"tM(CAU)E",1,0,0,0,0,1
"tM(CAU)J2",0,0,1,0,0,0
"tM(CAU)O2",1,0,0,1,0,1
"tM(CAU)P",0,0,1,0,0,1
"tN(GUU)G",1,0,0,0,0,0
"tN(GUU)Q",0,0,0,0,1,1
"tP(AGG)C",0,2,0,0,1,0
"tP(AGG)N",0,0,1,0,0,1
"tP(UGG)O3",0,0,1,0,0,0
"tQ(UUG)B",1,0,0,0,0,0
"tQ(UUG)D1",0,0,0,0,3,0
"tQ(UUG)E1",0,1,0,0,0,0
"tQ(UUG)E2",0,0,0,0,0,1
"tQ(UUG)H",0,1,0,0,0,1
"tQ(UUG)L",0,0,0,1,0,0
"tR(ACG)E",0,2,0,0,2,0
"tR(ACG)J",0,1,0,0,1,0
"tR(ACG)L",0,0,1,0,1,0
"tR(CCG)L",1,0,0,0,0,0
"tR(CCU)J",1,1,0,0,0,0
"tR(UCU)E",0,0,1,0,0,2
"tR(UCU)G2",2,0,0,0,0,0
"tR(UCU)M1",1,0,0,1,2,0
"tR(UCU)Q1",0,2,0,0,0,0
"tS(AGA)B",0,0,1,0,0,0
"tS(AGA)D2",0,0,0,1,0,1
"tS(AGA)D3",0,1,0,0,0,0
"tS(AGA)J",2,0,0,0,0,0
"tS(AGA)M",0,0,2,0,0,0
"tS(CGA)C",0,1,0,0,0,1
"tS(GCU)O",0,2,0,0,0,1
"tS(UGA)P",0,0,1,0,0,1
"tT(AGU)B",1,0,0,0,0,0
"tT(AGU)H",0,1,0,0,0,0
"tT(AGU)I2",0,0,1,0,0,0
"tT(CGU)K",1,1,0,1,0,0
"tT(UGU)G2",0,0,1,0,0,0
"tT(UGU)Q1",0,1,0,0,0,0
"tV(AAC)E2",1,0,0,1,0,1
"tV(AAC)K2",0,0,0,0,1,0
"tV(AAC)M2",0,1,0,1,0,0
"tV(AAC)O",0,1,0,0,0,0
"tV(CAC)H",0,1,0,0,0,0
"tV(UAC)B",0,0,1,0,0,0
"tV(UAC)D",1,0,2,0,0,0
"tW(CCA)J",0,0,1,0,2,0
"tW(CCA)M",0,1,0,0,0,0
"tW(CCA)P",0,0,0,0,1,0
"tW(UCA)Q",0,4,0,0,2,0
"tY(GUA)M1",1,0,0,0,0,0
"YAL018C",1,1,1,0,0,0
"YAR020C",0,1,0,0,0,0
"YAR029W",6,5,0,0,0,0
"YAR030C",4,6,0,0,0,0
"YAR031W",1,0,0,0,0,0
"YAR035C-A",0,2,0,0,0,0
"YBL044W",0,0,0,0,0,1
"YBL070C",1,0,1,0,4,0
"YBL083C",0,0,0,0,1,1
"YBL100W-B",0,0,0,0,0,1
"YBL108W",1,0,0,0,0,0
"YBR219C",0,2,0,1,0,0
"YBR296C-A",0,2,0,0,0,0
"YBR299W",2,0,1,0,0,0
"YBR300C",0,0,0,0,1,0
"YCL001W-B",1,0,0,0,4,2
"YCR018C-A",0,0,0,0,0,1
"YCR049C",0,0,0,1,0,1
"YCR104W",1,0,2,0,0,0
"YDL007C-A",1,0,0,0,0,0
"YDL162C",2,0,1,0,0,0
"YDL187C",0,0,0,0,2,2
"YDL240C-A",0,0,0,1,0,0
"YDL244W",1,0,0,0,1,0
"YDR015C",1,1,0,1,0,0
"YDR024W",0,0,2,0,0,1
"YDR094W",1,0,0,0,0,0
"YDR278C",0,0,0,0,2,2
"YDR320W-B",0,3,1,0,0,0
"YDR343C",0,0,0,2,0,0
"YDR524C-A",0,3,0,0,0,2
"YEL049W",0,0,0,3,2,0
"YEL070W",0,3,2,0,0,0
"YFL015W-A",0,0,0,2,0,0
"YFL062W",0,0,0,1,0,0
"YGL053W",1,1,0,0,0,0
"YGL063C-A",0,1,0,0,1,0
"YGL138C",1,0,1,0,4,0
"YGR122C-A",0,0,1,0,0,0
"YHL015W-A",1,1,0,0,0,0
"YHL037C",1,2,0,0,0,0
"YHL045W",0,0,0,0,2,0
"YHR022C-A",1,0,0,0,1,0
"YHR086W-A",1,1,0,0,0,0
"YHR180W-A",0,1,0,0,0,0
"YHR214C-E",1,1,0,0,0,0
"YHR215W",0,0,0,1,0,1
"YIL012W",0,2,0,1,0,0
"YIL032C",0,1,0,0,0,0
"YIL141W",0,1,0,0,0,1
"YIR013C",0,1,0,0,0,0
"YIR021W-A",0,1,0,0,0,0
"YIR041W",1,0,0,0,0,0
"YJL028W",1,1,0,3,0,0
"YJL052C-A",1,1,1,0,0,0
"YJL135W",1,1,0,0,0,0
"YJL136W-A",0,0,1,0,1,0
"YJL217W",1,0,0,0,0,0
"YJR146W",0,0,0,2,1,0
"YJR151W-A",0,0,0,1,0,0
"YKL097C",0,1,0,0,2,0
"YKL177W",1,2,1,0,0,0
"YLL006W-A",1,0,1,0,0,0
"YLL030C",0,0,0,0,0,1
"YLR012C",3,0,0,0,2,0
"YLR013W",0,0,0,0,1,0
"YLR111W",0,1,0,0,1,0
"YLR162W-A",0,0,0,0,1,0
"YLR184W",1,0,0,0,0,0
"YLR261C",0,0,0,0,1,0
"YLR280C",1,0,0,1,2,0
"YLR308W",0,0,0,0,1,0
"YLR406C-A",1,2,0,0,1,0
"YLR412C-A",0,0,1,0,0,0
"YLR416C",0,1,0,1,0,0
"YML054C-A",0,1,0,0,0,2
"YML100W-A",1,0,1,0,0,0
"YMR030W-A",1,3,0,0,1,0
"YMR326C",0,0,0,0,0,2
"YNL018C",0,0,1,0,0,0
"YNL034W",0,0,1,0,0,0
"YNL067W-A",0,0,0,1,0,0
"YNR074C",2,0,0,0,0,0
"YOL013W-B",0,0,0,0,1,0
"YOL019W-A",0,0,0,0,0,1
"YOL097W-A",0,2,1,0,0,0
"YOL159C",1,0,0,0,0,0
"YOL159C-A",1,0,0,0,0,0
"YOR024W",0,1,0,0,0,0
"YOR029W",1,2,0,0,0,0
"YOR105W",0,2,0,0,0,0
"YOR161C-C",0,0,1,0,0,0
"YOR248W",0,1,0,0,0,0
"YOR255W",0,0,0,0,0,2
"YOR300W",1,0,0,0,0,0
"YOR309C",0,1,0,0,0,0
"YOR381W-A",0,0,0,2,0,1
"YOR391C",1,0,1,0,0,0
"YPR159C-A",0,2,0,0,0,0
