"gene_id","count"
"ETS1-1",0
"ETS1-2",0
"ETS2-1",0
"ETS2-2",0
"HRA1",6
"ICR1",39
"IRT1",15
"ITS1-1",0
"ITS1-2",0
"ITS2-1",0
"ITS2-2",0
"LSR1",6377
"NME1",371
"PWR1",8
"Q0010",0
"Q0017",0
"Q0020",43220
"Q0032",0
"Q0045",1745
"Q0050",0
"Q0055",0
"Q0060",74
"Q0065",0
"Q0070",0
"Q0075",38
"Q0080",5
"Q0085",548
"Q0092",0
"Q0105",1048
"Q0110",52
"Q0115",2
"Q0120",55
"Q0130",3252
"Q0140",8
"Q0142",0
"Q0143",0
"Q0144",0
"Q0158",54952
"Q0160",0
"Q0182",3
"Q0250",2396
"Q0255",2
"Q0275",1190
"Q0285",9
"Q0297",0
"RDN18-1",0
"RDN18-2",0
"RDN25-1",0
"RDN25-2",0
"RDN37-1",0
"RDN37-2",0
"RDN5-1",0
"RDN5-2",0
"RDN5-3",0
"RDN5-4",0
"RDN5-5",0
"RDN5-6",0
"RDN58-1",0
"RDN58-2",0
"RME2",29
"RME3",17
"RNA170",5
"RPR1",212
"RUF20",23
"RUF21",6
"RUF22",0
"RUF23",5
"RUF5-1",0
"RUF5-2",0
"SCR1",559
"SRG1",78
"YAL001C",109
"YAL002W",69
"YAL003W",202
"YAL004W",70
"YAL005C",542
"YAL007C",22
"YAL008W",71
"YAL009W",37
"YAL010C",13
"YAL011W",21
"YAL012W",19
"YAL013W",16
"YAL014C",18
"YAL015C",14
"YAL016C-A",26
"YAL016C-B",26
"YAL016W",180
"YAL017W",329
"YAL018C",0
"YAL019W",77
"YAL019W-A",7
"YAL020C",14
"YAL021C",103
"YAL022C",34
"YAL023C",80
"YAL024C",26
"YAL025C",11
"YAL026C",64
"YAL026C-A",6
"YAL027W",18
"YAL028W",16
"YAL029C",122
"YAL030W",70
"YAL031C",87
"YAL031W-A",33
"YAL032C",20
"YAL033W",22
"YAL034C",106
"YAL034C-B",2
"YAL034W-A",6
"YAL035W",156
"YAL036C",20
"YAL037C-A",8
"YAL037C-B",1707
"YAL037W",13
"YAL038W",2696
"YAL039C",47
"YAL040C",51
"YAL041W",54
"YAL042C-A",15
"YAL042W",56
"YAL043C",29
"YAL044C",58
"YAL044W-A",23
"YAL045C",7
"YAL046C",13
"YAL047C",10
"YAL047W-A",3
"YAL048C",29
"YAL049C",122
"YAL051W",96
"YAL053W",146
"YAL054C",83
"YAL055W",22
"YAL056C-A",7
"YAL056W",191
"YAL058W",24
"YAL059C-A",8
"YAL059W",23
"YAL060W",314
"YAL061W",169
"YAL062W",30
"YAL063C",8
"YAL063C-A",0
"YAL064C-A",0
"YAL064W",0
"YAL064W-B",0
"YAL065C",2
"YAL066W",2
"YAL067C",27
"YAL067W-A",0
"YAL068C",0
"YAL068W-A",0
"YAL069W",0
"YAR002C-A",42
"YAR002W",50
"YAR003W",36
"YAR007C",49
"YAR008W",18
"YAR009C",0
"YAR010C",0
"YAR014C",52
"YAR015W",75
"YAR018C",10
"YAR019C",29
"YAR019W-A",3
"YAR020C",0
"YAR023C",7
"YAR027W",2
"YAR028W",0
"YAR029W",0
"YAR030C",0
"YAR031W",0
"YAR033W",0
"YAR035C-A",0
"YAR035W",1
"YAR042W",98
"YAR047C",0
"YAR050W",10
"YAR053W",0
"YAR060C",0
"YAR061W",0
"YAR064W",0
"YAR066W",0
"YAR068W",0
"YAR069C",0
"YAR070C",0
"YAR071W",0
"YAR073W",0
"YAR075W",0
"YBL001C",77
"YBL002W",204
"YBL003C",96
"YBL004W",179
"YBL005W",32
"YBL005W-A",0
"YBL005W-B",0
"YBL006C",41
"YBL006W-A",15
"YBL007C",191
"YBL008W",41
"YBL008W-A",2
"YBL009W",11
"YBL010C",21
"YBL011W",65
"YBL012C",7
"YBL013W",1
"YBL014C",58
"YBL015W",110
"YBL016W",22
"YBL017C",284
"YBL018C",16
"YBL019W",48
"YBL020W",92
"YBL021C",15
"YBL022C",209
"YBL023C",19
"YBL024W",41
"YBL025W",17
"YBL026W",15
"YBL027W",219
"YBL028C",15
"YBL029C-A",74
"YBL029W",261
"YBL030C",196
"YBL031W",1
"YBL032W",27
"YBL033C",87
"YBL034C",54
"YBL035C",11
"YBL036C",62
"YBL037W",34
"YBL038W",54
"YBL039C",30
"YBL039C-A",0
"YBL039W-B",9
"YBL040C",36
"YBL041W",153
"YBL042C",74
"YBL043W",48
"YBL044W",0
"YBL045C",434
"YBL046W",47
"YBL047C",228
"YBL048W",245
"YBL049W",442
"YBL050W",156
"YBL051C",191
"YBL052C",34
"YBL053W",8
"YBL054W",32
"YBL055C",28
"YBL056W",142
"YBL057C",28
"YBL058W",97
"YBL059C-A",50
"YBL059W",7
"YBL060W",39
"YBL061C",36
"YBL062W",9
"YBL063W",35
"YBL064C",494
"YBL065W",4
"YBL066C",99
"YBL067C",123
"YBL068W",24
"YBL068W-A",0
"YBL069W",6
"YBL070C",0
"YBL071C",8
"YBL071C-B",2
"YBL071W-A",17
"YBL072C",53
"YBL073W",4
"YBL074C",10
"YBL075C",155
"YBL076C",179
"YBL077W",42
"YBL078C",86
"YBL079W",143
"YBL080C",22
"YBL081W",21
"YBL082C",29
"YBL083C",0
"YBL084C",74
"YBL085W",60
"YBL086C",57
"YBL087C",54
"YBL088C",140
"YBL089W",42
"YBL090W",47
"YBL091C",145
"YBL091C-A",28
"YBL092W",236
"YBL093C",52
"YBL094C",52
"YBL095W",108
"YBL096C",20
"YBL097W",18
"YBL098W",29
"YBL099W",978
"YBL100C",318
"YBL100W-A",0
"YBL100W-B",0
"YBL100W-C",1
"YBL101C",159
"YBL102W",29
"YBL103C",34
"YBL104C",65
"YBL105C",148
"YBL106C",53
"YBL107C",40
"YBL107W-A",0
"YBL108C-A",0
"YBL108W",0
"YBL109W",0
"YBL111C",0
"YBL112C",0
"YBL113C",2
"YBL113W-A",0
"YBR001C",117
"YBR002C",31
"YBR003W",76
"YBR004C",43
"YBR005W",22
"YBR006W",220
"YBR007C",95
"YBR008C",57
"YBR009C",42
"YBR010W",209
"YBR011C",299
"YBR012C",32
"YBR012W-A",0
"YBR012W-B",0
"YBR013C",12
"YBR014C",31
"YBR015C",93
"YBR016W",35
"YBR017C",64
"YBR018C",4
"YBR019C",11
"YBR020W",7
"YBR021W",43
"YBR022W",22
"YBR023C",73
"YBR024W",55
"YBR025C",254
"YBR026C",78
"YBR027C",2
"YBR028C",37
"YBR029C",65
"YBR030W",38
"YBR031W",11
"YBR032W",1
"YBR033W",33
"YBR034C",23
"YBR035C",107
"YBR036C",129
"YBR037C",22
"YBR038W",4
"YBR039W",424
"YBR040W",0
"YBR041W",51
"YBR042C",24
"YBR043C",79
"YBR044C",57
"YBR045C",17
"YBR046C",86
"YBR047W",70
"YBR048W",34
"YBR049C",66
"YBR050C",18
"YBR051W",9
"YBR052C",65
"YBR053C",122
"YBR054W",2886
"YBR055C",64
"YBR056C-B",5
"YBR056W",124
"YBR056W-A",10
"YBR057C",26
"YBR058C",75
"YBR058C-A",33
"YBR059C",187
"YBR060C",21
"YBR061C",18
"YBR062C",26
"YBR063C",58
"YBR064W",14
"YBR065C",67
"YBR066C",8
"YBR067C",59
"YBR068C",46
"YBR069C",9
"YBR070C",26
"YBR071W",14
"YBR072C-A",1
"YBR072W",121
"YBR073W",31
"YBR074W",85
"YBR076C-A",20
"YBR076W",13
"YBR077C",22
"YBR078W",349
"YBR079C",71
"YBR080C",123
"YBR081C",88
"YBR082C",128
"YBR083W",8
"YBR084C-A",164
"YBR084W",39
"YBR085C-A",241
"YBR085W",5
"YBR086C",176
"YBR087W",18
"YBR088C",19
"YBR089C-A",40
"YBR089W",15
"YBR090C",3
"YBR091C",10
"YBR092C",6
"YBR093C",17
"YBR094W",42
"YBR095C",27
"YBR096W",28
"YBR097W",87
"YBR098W",77
"YBR099C",37
"YBR101C",117
"YBR102C",30
"YBR103C-A",0
"YBR103W",38
"YBR104W",19
"YBR105C",107
"YBR106W",204
"YBR107C",24
"YBR108W",41
"YBR109C",91
"YBR109W-A",0
"YBR110W",20
"YBR111C",193
"YBR111W-A",20
"YBR112C",47
"YBR113W",12
"YBR114W",56
"YBR115C",193
"YBR116C",5
"YBR117C",31
"YBR118W",69
"YBR119W",45
"YBR120C",20
"YBR121C",141
"YBR121C-A",0
"YBR122C",66
"YBR123C",27
"YBR124W",3
"YBR125C",26
"YBR126C",373
"YBR126W-A",13
"YBR126W-B",2
"YBR127C",591
"YBR128C",21
"YBR129C",31
"YBR130C",19
"YBR131C-A",0
"YBR131W",19
"YBR132C",59
"YBR133C",63
"YBR134W",3
"YBR135W",10
"YBR136W",115
"YBR137W",52
"YBR138C",48
"YBR139W",308
"YBR140C",729
"YBR141C",10
"YBR141W-A",1
"YBR142W",38
"YBR143C",98
"YBR144C",0
"YBR145W",87
"YBR146W",80
"YBR147W",81
"YBR148W",33
"YBR149W",266
"YBR150C",68
"YBR151W",160
"YBR152W",6
"YBR153W",16
"YBR154C",15
"YBR155W",24
"YBR156C",12
"YBR157C",3
"YBR158W",12
"YBR159W",92
"YBR160W",15
"YBR161W",37
"YBR162C",63
"YBR162W-A",27
"YBR163W",51
"YBR164C",23
"YBR165W",19
"YBR166C",35
"YBR167C",9
"YBR168W",32
"YBR169C",340
"YBR170C",57
"YBR171W",9
"YBR172C",46
"YBR173C",79
"YBR174C",4
"YBR175W",17
"YBR176W",21
"YBR177C",134
"YBR178W",9
"YBR179C",128
"YBR180W",4
"YBR181C",13
"YBR182C",54
"YBR182C-A",4
"YBR183W",146
"YBR184W",0
"YBR185C",39
"YBR186W",27
"YBR187W",29
"YBR188C",12
"YBR189W",74
"YBR190W",3
"YBR191W",38
"YBR191W-A",4
"YBR192W",26
"YBR193C",16
"YBR194W",7
"YBR195C",24
"YBR196C",1201
"YBR196C-A",3
"YBR196C-B",3
"YBR197C",7
"YBR198C",60
"YBR199W",163
"YBR200W",54
"YBR200W-A",5
"YBR201C-A",97
"YBR201W",14
"YBR202W",55
"YBR203W",228
"YBR204C",33
"YBR205W",35
"YBR206W",1
"YBR207W",68
"YBR208C",916
"YBR209W",1
"YBR210W",25
"YBR211C",12
"YBR212W",64
"YBR213W",2
"YBR214W",103
"YBR215W",59
"YBR216C",44
"YBR217W",9
"YBR218C",108
"YBR219C",1
"YBR220C",23
"YBR221C",185
"YBR221W-A",26
"YBR222C",227
"YBR223C",12
"YBR223W-A",1
"YBR224W",3
"YBR225W",54
"YBR226C",16
"YBR227C",53
"YBR228W",25
"YBR229C",74
"YBR230C",219
"YBR230W-A",18
"YBR231C",22
"YBR232C",8
"YBR233W",17
"YBR233W-A",2
"YBR234C",115
"YBR235W",293
"YBR236C",22
"YBR237W",65
"YBR238C",76
"YBR239C",76
"YBR240C",28
"YBR241C",95
"YBR242W",47
"YBR243C",15
"YBR244W",4
"YBR245C",77
"YBR246W",19
"YBR247C",10
"YBR248C",31
"YBR249C",54
"YBR250W",3
"YBR251W",34
"YBR252W",8
"YBR253W",21
"YBR254C",20
"YBR255C-A",46
"YBR255W",89
"YBR256C",59
"YBR257W",24
"YBR258C",8
"YBR259W",23
"YBR260C",41
"YBR261C",16
"YBR262C",49
"YBR263W",112
"YBR264C",32
"YBR265W",49
"YBR266C",12
"YBR267W",33
"YBR268W",36
"YBR269C",45
"YBR270C",30
"YBR271W",17
"YBR272C",40
"YBR273C",61
"YBR274W",43
"YBR275C",48
"YBR276C",81
"YBR277C",16
"YBR278W",35
"YBR279W",24
"YBR280C",56
"YBR281C",36
"YBR282W",28
"YBR283C",119
"YBR284W",32
"YBR285W",20
"YBR286W",413
"YBR287W",332
"YBR288C",22
"YBR289W",29
"YBR290W",86
"YBR291C",23
"YBR292C",4
"YBR293W",27
"YBR294W",30
"YBR295W",119
"YBR296C",0
"YBR296C-A",0
"YBR297W",40
"YBR298C",83
"YBR298C-A",0
"YBR299W",0
"YBR300C",0
"YBR301W",0
"YBR302C",0
"YCL001W",50
"YCL001W-A",0
"YCL001W-B",0
"YCL002C",60
"YCL004W",34
"YCL005W",26
"YCL005W-A",37
"YCL007C",27
"YCL008C",17
"YCL009C",33
"YCL010C",14
"YCL011C",71
"YCL012C",44
"YCL014W",79
"YCL016C",18
"YCL017C",224
"YCL018W",384
"YCL019W",0
"YCL020W",0
"YCL021W-A",4
"YCL022C",8
"YCL023C",1
"YCL024W",39
"YCL025C",119
"YCL026C-A",0
"YCL026C-B",14
"YCL027W",8
"YCL028W",59
"YCL029C",20
"YCL030C",126
"YCL031C",17
"YCL032W",30
"YCL033C",52
"YCL034W",103
"YCL035C",129
"YCL036W",28
"YCL037C",21
"YCL038C",173
"YCL039W",36
"YCL040W",419
"YCL041C",0
"YCL042W",0
"YCL043C",149
"YCL044C",8
"YCL045C",104
"YCL046W",9
"YCL047C",22
"YCL048W",3
"YCL048W-A",33
"YCL049C",60
"YCL050C",87
"YCL051W",52
"YCL052C",128
"YCL054W",25
"YCL054W-A",0
"YCL055W",10
"YCL056C",25
"YCL057C-A",173
"YCL057W",87
"YCL058C",44
"YCL058W-A",41
"YCL059C",47
"YCL061C",27
"YCL063W",4
"YCL064C",119
"YCL065W",0
"YCL066W",0
"YCL067C",0
"YCL068C",0
"YCL069W",0
"YCL073C",0
"YCL074W",23
"YCL075W",8
"YCL076W",9
"YCR001W",2
"YCR002C",53
"YCR003W",31
"YCR004C",56
"YCR005C",132
"YCR006C",15
"YCR007C",13
"YCR008W",155
"YCR009C",90
"YCR010C",3
"YCR011C",360
"YCR012W",8967
"YCR013C",5081
"YCR014C",46
"YCR015C",18
"YCR016W",25
"YCR017C",212
"YCR018C",14
"YCR018C-A",0
"YCR019W",20
"YCR020C",28
"YCR020C-A",18
"YCR020W-B",6
"YCR021C",2502
"YCR022C",2
"YCR023C",74
"YCR024C",23
"YCR024C-A",404
"YCR024C-B",803
"YCR025C",7
"YCR026C",72
"YCR027C",13
"YCR028C",26
"YCR028C-A",65
"YCR030C",53
"YCR031C",198
"YCR032W",178
"YCR033W",202
"YCR034W",14
"YCR035C",54
"YCR036W",59
"YCR037C",76
"YCR038C",24
"YCR038W-A",0
"YCR039C",0
"YCR040W",0
"YCR041W",3
"YCR042C",94
"YCR043C",22
"YCR044C",45
"YCR045C",9
"YCR045W-A",0
"YCR046C",33
"YCR047C",44
"YCR047W-A",4
"YCR048W",18
"YCR049C",1
"YCR050C",11
"YCR051W",16
"YCR052W",11
"YCR053W",58
"YCR054C",31
"YCR057C",36
"YCR059C",11
"YCR060W",13
"YCR061W",42
"YCR063W",3
"YCR064C",3
"YCR065W",46
"YCR066W",20
"YCR067C",47
"YCR068W",38
"YCR069W",100
"YCR071C",12
"YCR072C",11
"YCR073C",49
"YCR073W-A",16
"YCR075C",19
"YCR075W-A",15
"YCR076C",36
"YCR077C",83
"YCR079W",136
"YCR081C-A",3
"YCR081W",48
"YCR082W",63
"YCR083W",69
"YCR084C",43
"YCR085W",2
"YCR086W",6
"YCR087C-A",3
"YCR087W",7
"YCR088W",57
"YCR089W",22
"YCR090C",10
"YCR091W",44
"YCR092C",35
"YCR093W",296
"YCR094W",27
"YCR095C",30
"YCR095W-A",2
"YCR096C",0
"YCR097W",41
"YCR097W-A",0
"YCR098C",63
"YCR099C",3
"YCR100C",5
"YCR101C",5
"YCR102C",16
"YCR102W-A",3
"YCR104W",0
"YCR105W",11
"YCR106W",18
"YCR107W",14
"YCR108C",0
"YDL001W",20
"YDL002C",41
"YDL003W",5
"YDL004W",279
"YDL005C",58
"YDL006W",30
"YDL007C-A",0
"YDL007W",201
"YDL008W",21
"YDL009C",57
"YDL010W",78
"YDL011C",27
"YDL012C",19
"YDL013W",55
"YDL014W",24
"YDL015C",127
"YDL016C",9
"YDL017W",10
"YDL018C",13
"YDL019C",262
"YDL020C",232
"YDL021W",238
"YDL022C-A",5
"YDL022W",314
"YDL023C",69
"YDL024C",48
"YDL025C",82
"YDL025W-A",13
"YDL026W",15
"YDL027C",72
"YDL028C",62
"YDL029W",44
"YDL030W",36
"YDL031W",76
"YDL032W",3
"YDL033C",12
"YDL034W",6
"YDL035C",164
"YDL036C",18
"YDL037C",1
"YDL039C",4
"YDL040C",69
"YDL041W",4
"YDL042C",15
"YDL043C",5
"YDL044C",14
"YDL045C",34
"YDL045W-A",16
"YDL046W",83
"YDL047W",50
"YDL048C",409
"YDL049C",21
"YDL050C",16
"YDL051W",26
"YDL052C",28
"YDL053C",27
"YDL054C",78
"YDL055C",136
"YDL056W",70
"YDL057W",23
"YDL058W",129
"YDL059C",17
"YDL060W",65
"YDL061C",129
"YDL062W",5
"YDL063C",28
"YDL064W",9
"YDL065C",68
"YDL066W",268
"YDL067C",258
"YDL068W",4
"YDL069C",16
"YDL070W",215
"YDL071C",4
"YDL072C",103
"YDL073W",49
"YDL074C",103
"YDL075W",85
"YDL076C",35
"YDL077C",50
"YDL078C",201
"YDL079C",49
"YDL080C",49
"YDL081C",105
"YDL082W",41
"YDL083C",53
"YDL084W",151
"YDL085C-A",13
"YDL085W",49
"YDL086C-A",42
"YDL086W",93
"YDL087C",20
"YDL088C",76
"YDL089W",38
"YDL090C",35
"YDL091C",56
"YDL092W",25
"YDL093W",33
"YDL094C",5
"YDL095W",124
"YDL096C",3
"YDL097C",146
"YDL098C",8
"YDL099W",44
"YDL100C",74
"YDL101C",10
"YDL102W",49
"YDL103C",21
"YDL104C",12
"YDL105W",22
"YDL106C",29
"YDL107W",15
"YDL108W",25
"YDL109C",14
"YDL110C",350
"YDL111C",6
"YDL112W",55
"YDL113C",57
"YDL114W",4
"YDL114W-A",6
"YDL115C",85
"YDL116W",38
"YDL117W",26
"YDL118W",5
"YDL119C",19
"YDL120W",35
"YDL121C",11
"YDL122W",104
"YDL123W",14
"YDL124W",278
"YDL125C",187
"YDL126C",728
"YDL127W",12
"YDL128W",145
"YDL129W",12
"YDL130W",99
"YDL130W-A",92
"YDL131W",33
"YDL132W",81
"YDL133C-A",167
"YDL133W",39
"YDL134C",100
"YDL135C",32
"YDL136W",8
"YDL137W",195
"YDL138W",72
"YDL139C",24
"YDL140C",447
"YDL141W",8
"YDL142C",39
"YDL143W",97
"YDL144C",13
"YDL145C",146
"YDL146W",13
"YDL147W",240
"YDL148C",23
"YDL149W",81
"YDL150W",14
"YDL151C",3
"YDL152W",2
"YDL153C",45
"YDL154W",19
"YDL155W",37
"YDL156W",14
"YDL157C",15
"YDL158C",27
"YDL159C-B",9
"YDL159W",43
"YDL159W-A",0
"YDL160C",131
"YDL160C-A",7
"YDL161W",26
"YDL162C",0
"YDL163W",2
"YDL164C",14
"YDL165W",26
"YDL166C",8
"YDL167C",12
"YDL168W",222
"YDL169C",45
"YDL170W",107
"YDL171C",984
"YDL172C",25
"YDL173W",30
"YDL174C",207
"YDL175C",36
"YDL176W",37
"YDL177C",12
"YDL178W",78
"YDL179W",9
"YDL180W",51
"YDL181W",152
"YDL182W",45
"YDL183C",32
"YDL184C",50
"YDL185C-A",66
"YDL185W",770
"YDL186W",5
"YDL187C",0
"YDL188C",104
"YDL189W",9
"YDL190C",99
"YDL191W",6
"YDL192W",88
"YDL193W",17
"YDL194W",78
"YDL195W",164
"YDL196W",6
"YDL197C",28
"YDL198C",97
"YDL199C",55
"YDL200C",11
"YDL201W",30
"YDL202W",14
"YDL203C",27
"YDL204W",190
"YDL205C",70
"YDL206W",126
"YDL207W",102
"YDL208W",44
"YDL209C",11
"YDL210W",168
"YDL211C",5
"YDL212W",80
"YDL213C",34
"YDL214C",50
"YDL215C",291
"YDL216C",18
"YDL217C",11
"YDL218W",9
"YDL219W",7
"YDL220C",22
"YDL221W",5
"YDL222C",17
"YDL223C",723
"YDL224C",38
"YDL225W",34
"YDL226C",20
"YDL227C",6
"YDL228C",20
"YDL229W",51
"YDL230W",43
"YDL231C",265
"YDL232W",22
"YDL233W",22
"YDL234C",91
"YDL235C",28
"YDL236W",121
"YDL237W",120
"YDL238C",71
"YDL239C",291
"YDL240C-A",1
"YDL240W",51
"YDL241W",3
"YDL242W",2
"YDL243C",22
"YDL244W",0
"YDL245C",0
"YDL246C",0
"YDL247W",0
"YDL247W-A",0
"YDL248W",9
"YDR001C",463
"YDR002W",157
"YDR003W",42
"YDR003W-A",23
"YDR004W",29
"YDR005C",87
"YDR006C",195
"YDR007W",32
"YDR008C",17
"YDR009W",14
"YDR010C",3
"YDR011W",247
"YDR012W",34
"YDR013W",10
"YDR014W",14
"YDR014W-A",1
"YDR015C",1
"YDR016C",8
"YDR017C",110
"YDR018C",15
"YDR019C",49
"YDR020C",9
"YDR021W",22
"YDR022C",33
"YDR023W",101
"YDR024W",0
"YDR025W",51
"YDR026C",62
"YDR027C",100
"YDR028C",237
"YDR029W",18
"YDR030C",82
"YDR031W",33
"YDR032C",98
"YDR033W",670
"YDR034C",144
"YDR034C-A",0
"YDR034C-C",0
"YDR034C-D",0
"YDR034W-B",3
"YDR035W",150
"YDR036C",51
"YDR037W",182
"YDR038C",5
"YDR039C",0
"YDR040C",2
"YDR041W",44
"YDR042C",13
"YDR043C",170
"YDR044W",33
"YDR045C",12
"YDR046C",7
"YDR047W",49
"YDR048C",0
"YDR049W",32
"YDR050C",2537
"YDR051C",61
"YDR052C",83
"YDR053W",25
"YDR054C",73
"YDR055W",152
"YDR056C",54
"YDR057W",34
"YDR058C",38
"YDR059C",79
"YDR060W",64
"YDR061W",86
"YDR062W",80
"YDR063W",25
"YDR064W",182
"YDR065W",14
"YDR066C",6
"YDR067C",30
"YDR068W",25
"YDR069C",101
"YDR070C",544
"YDR071C",38
"YDR072C",89
"YDR073W",23
"YDR074W",590
"YDR075W",16
"YDR076W",27
"YDR077W",1920
"YDR078C",19
"YDR079C-A",12
"YDR079W",58
"YDR080W",50
"YDR081C",90
"YDR082W",35
"YDR083W",22
"YDR084C",44
"YDR085C",51
"YDR086C",53
"YDR087C",20
"YDR088C",31
"YDR089W",172
"YDR090C",80
"YDR091C",92
"YDR092W",60
"YDR093W",79
"YDR094W",0
"YDR095C",2
"YDR096W",165
"YDR097C",44
"YDR098C",23
"YDR098C-A",0
"YDR098C-B",0
"YDR099W",380
"YDR100W",21
"YDR101C",24
"YDR102C",1
"YDR103W",23
"YDR104C",58
"YDR105C",121
"YDR106W",4
"YDR107C",29
"YDR108W",40
"YDR109C",43
"YDR110W",33
"YDR111C",22
"YDR112W",6
"YDR113C",13
"YDR114C",7
"YDR115W",41
"YDR116C",49
"YDR117C",23
"YDR118W",19
"YDR118W-A",1
"YDR119W",85
"YDR119W-A",1063
"YDR120C",39
"YDR121W",12
"YDR122W",154
"YDR123C",29
"YDR124W",14
"YDR125C",21
"YDR126W",11
"YDR127W",134
"YDR128W",73
"YDR129C",216
"YDR130C",27
"YDR131C",32
"YDR132C",30
"YDR133C",131
"YDR135C",254
"YDR136C",0
"YDR137W",41
"YDR138W",38
"YDR139C",37
"YDR140W",36
"YDR141C",119
"YDR142C",17
"YDR143C",42
"YDR144C",3
"YDR145W",28
"YDR146C",0
"YDR147W",43
"YDR148C",301
"YDR149C",48
"YDR150W",450
"YDR151C",64
"YDR152W",36
"YDR153C",43
"YDR154C",14
"YDR155C",244
"YDR156W",1
"YDR157W",3
"YDR158W",139
"YDR159W",79
"YDR160W",36
"YDR161W",35
"YDR162C",18
"YDR163W",22
"YDR164C",39
"YDR165W",20
"YDR166C",102
"YDR167W",29
"YDR168W",104
"YDR169C",76
"YDR169C-A",1
"YDR170C",264
"YDR170W-A",0
"YDR171W",315
"YDR172W",67
"YDR173C",75
"YDR174W",61
"YDR175C",25
"YDR176W",34
"YDR177W",87
"YDR178W",378
"YDR179C",7
"YDR179W-A",23
"YDR180W",43
"YDR181C",25
"YDR182W",90
"YDR182W-A",14
"YDR183C-A",1
"YDR183W",10
"YDR184C",17
"YDR185C",25
"YDR186C",228
"YDR187C",21
"YDR188W",106
"YDR189W",50
"YDR190C",63
"YDR191W",7
"YDR192C",13
"YDR193W",3
"YDR194C",136
"YDR194W-A",0
"YDR195W",47
"YDR196C",52
"YDR197W",35
"YDR198C",13
"YDR199W",17
"YDR200C",41
"YDR201W",2
"YDR202C",32
"YDR203W",18
"YDR204W",64
"YDR205W",57
"YDR206W",59
"YDR207C",43
"YDR208W",164
"YDR209C",16
"YDR210C-C",0
"YDR210C-D",0
"YDR210W",11
"YDR210W-A",0
"YDR210W-B",0
"YDR211W",93
"YDR212W",75
"YDR213W",41
"YDR214W",93
"YDR215C",8
"YDR216W",180
"YDR217C",74
"YDR218C",1
"YDR219C",36
"YDR220C",1
"YDR221W",59
"YDR222W",33
"YDR223W",109
"YDR224C",191
"YDR225W",64
"YDR226W",149
"YDR227W",100
"YDR228C",32
"YDR229W",26
"YDR230W",49
"YDR231C",97
"YDR232W",155
"YDR233C",153
"YDR234W",50
"YDR235W",27
"YDR236C",31
"YDR237W",43
"YDR238C",191
"YDR239C",31
"YDR240C",19
"YDR241W",2
"YDR242W",127
"YDR243C",53
"YDR244W",90
"YDR245W",74
"YDR246W",46
"YDR246W-A",1
"YDR247W",198
"YDR248C",50
"YDR249C",37
"YDR250C",2
"YDR251W",107
"YDR252W",3
"YDR253C",9
"YDR254W",61
"YDR255C",77
"YDR256C",49
"YDR257C",13
"YDR258C",382
"YDR259C",16
"YDR260C",26
"YDR261C",61
"YDR261C-C",0
"YDR261C-D",0
"YDR261W-A",0
"YDR261W-B",0
"YDR262W",187
"YDR263C",31
"YDR264C",73
"YDR265W",31
"YDR266C",59
"YDR267C",23
"YDR268W",6
"YDR269C",7
"YDR270W",90
"YDR271C",29
"YDR272W",134
"YDR273W",48
"YDR274C",7
"YDR275W",97
"YDR276C",561
"YDR277C",95
"YDR278C",0
"YDR279W",24
"YDR280W",26
"YDR281C",21
"YDR282C",18
"YDR283C",173
"YDR284C",129
"YDR285W",15
"YDR286C",19
"YDR287W",25
"YDR288W",28
"YDR289C",27
"YDR290W",0
"YDR291W",57
"YDR292C",27
"YDR293C",997
"YDR294C",65
"YDR295C",31
"YDR296W",28
"YDR297W",176
"YDR298C",229
"YDR299W",16
"YDR300C",41
"YDR301W",57
"YDR302W",21
"YDR303C",42
"YDR304C",139
"YDR305C",27
"YDR306C",90
"YDR307W",56
"YDR308C",6
"YDR309C",39
"YDR310C",107
"YDR311W",47
"YDR312W",18
"YDR313C",144
"YDR314C",53
"YDR315C",21
"YDR316W",56
"YDR316W-A",0
"YDR316W-B",0
"YDR317W",29
"YDR318W",28
"YDR319C",43
"YDR320C",33
"YDR320C-A",15
"YDR320W-B",0
"YDR321W",13
"YDR322C-A",117
"YDR322W",65
"YDR323C",20
"YDR324C",14
"YDR325W",24
"YDR326C",156
"YDR327W",33
"YDR328C",60
"YDR329C",84
"YDR330W",51
"YDR331W",40
"YDR332W",30
"YDR333C",44
"YDR334W",97
"YDR335W",160
"YDR336W",15
"YDR337W",24
"YDR338C",87
"YDR339C",32
"YDR340W",0
"YDR341C",124
"YDR342C",4
"YDR343C",2
"YDR344C",4
"YDR345C",2014
"YDR346C",115
"YDR347W",52
"YDR348C",47
"YDR349C",70
"YDR350C",44
"YDR351W",65
"YDR352W",43
"YDR353W",82
"YDR354C-A",4
"YDR354W",14
"YDR355C",1
"YDR356W",53
"YDR357C",17
"YDR358W",70
"YDR359C",70
"YDR360W",5
"YDR361C",53
"YDR362C",40
"YDR363W",37
"YDR363W-A",28
"YDR364C",24
"YDR365C",53
"YDR365W-A",0
"YDR365W-B",0
"YDR366C",5
"YDR367W",36
"YDR368W",141
"YDR369C",30
"YDR370C",31
"YDR371C-A",3
"YDR371W",14
"YDR372C",75
"YDR373W",40
"YDR374C",1
"YDR374W-A",18
"YDR375C",71
"YDR376W",45
"YDR377W",238
"YDR378C",44
"YDR379C-A",49
"YDR379W",120
"YDR380W",13
"YDR381C-A",33
"YDR381W",134
"YDR382W",123
"YDR383C",11
"YDR384C",16
"YDR385W",52
"YDR386W",35
"YDR387C",49
"YDR388W",68
"YDR389W",72
"YDR390C",43
"YDR391C",47
"YDR392W",35
"YDR393W",35
"YDR394W",106
"YDR395W",67
"YDR396W",20
"YDR397C",19
"YDR398W",50
"YDR399W",107
"YDR400W",27
"YDR401W",1
"YDR402C",3
"YDR403W",12
"YDR404C",25
"YDR405W",36
"YDR406W",680
"YDR406W-A",11
"YDR407C",62
"YDR408C",47
"YDR409W",36
"YDR410C",19
"YDR411C",38
"YDR412W",19
"YDR413C",18
"YDR414C",13
"YDR415C",20
"YDR416W",40
"YDR417C",115
"YDR418W",160
"YDR419W",60
"YDR420W",176
"YDR421W",63
"YDR422C",92
"YDR423C",24
"YDR424C",30
"YDR425W",62
"YDR426C",7
"YDR427W",78
"YDR428C",4
"YDR429C",73
"YDR430C",75
"YDR431W",2
"YDR432W",16
"YDR433W",3
"YDR434W",46
"YDR435C",50
"YDR436W",73
"YDR437W",6
"YDR438W",47
"YDR439W",17
"YDR440W",14
"YDR441C",30
"YDR442W",4
"YDR443C",78
"YDR444W",74
"YDR445C",4
"YDR446W",1
"YDR447C",46
"YDR448W",22
"YDR449C",12
"YDR450W",66
"YDR451C",12
"YDR452W",161
"YDR453C",10
"YDR454C",52
"YDR455C",17
"YDR456W",292
"YDR457W",627
"YDR458C",93
"YDR459C",27
"YDR460W",30
"YDR461C-A",15
"YDR461W",9
"YDR462W",16
"YDR463W",91
"YDR464C-A",6
"YDR464W",117
"YDR465C",21
"YDR466W",101
"YDR467C",24
"YDR468C",32
"YDR469W",13
"YDR470C",48
"YDR471W",77
"YDR472W",40
"YDR473C",51
"YDR475C",126
"YDR476C",39
"YDR477W",50
"YDR478W",13
"YDR479C",54
"YDR480W",17
"YDR481C",143
"YDR482C",13
"YDR483W",318
"YDR484W",29
"YDR485C",72
"YDR486C",35
"YDR487C",146
"YDR488C",4
"YDR489W",4
"YDR490C",62
"YDR491C",80
"YDR492W",287
"YDR493W",13
"YDR494W",57
"YDR495C",56
"YDR496C",39
"YDR497C",240
"YDR498C",21
"YDR499W",44
"YDR500C",76
"YDR501W",3
"YDR502C",60
"YDR503C",13
"YDR504C",49
"YDR505C",236
"YDR506C",29
"YDR507C",28
"YDR508C",8
"YDR509W",1
"YDR510C-A",18
"YDR510W",90
"YDR511W",18
"YDR512C",30
"YDR513W",220
"YDR514C",24
"YDR515W",28
"YDR516C",301
"YDR517W",76
"YDR518W",31
"YDR519W",33
"YDR520C",41
"YDR521W",3
"YDR522C",2
"YDR523C",14
"YDR524C",74
"YDR524C-A",0
"YDR524C-B",691
"YDR524W-C",287
"YDR525W",0
"YDR525W-A",31
"YDR526C",23
"YDR527W",62
"YDR528W",32
"YDR529C",405
"YDR530C",99
"YDR531W",22
"YDR532C",18
"YDR533C",780
"YDR534C",5
"YDR535C",3
"YDR536W",39
"YDR537C",12
"YDR538W",14
"YDR539W",61
"YDR540C",10
"YDR541C",39
"YDR542W",0
"YDR543C",0
"YDR544C",0
"YDR545C-A",0
"YDR545W",0
"YEL001C",43
"YEL002C",139
"YEL003W",14
"YEL004W",20
"YEL005C",39
"YEL006W",64
"YEL007W",62
"YEL008C-A",1
"YEL008W",3
"YEL009C",1336
"YEL009C-A",1
"YEL010W",5
"YEL011W",331
"YEL012W",111
"YEL013W",107
"YEL014C",2
"YEL015W",33
"YEL016C",21
"YEL017C-A",375
"YEL017W",17
"YEL018C-A",5
"YEL018W",20
"YEL019C",23
"YEL020C",114
"YEL020C-B",12
"YEL020W-A",49
"YEL021W",42
"YEL022W",58
"YEL023C",23
"YEL024W",405
"YEL025C",94
"YEL026W",55
"YEL027W",484
"YEL028W",7
"YEL029C",31
"YEL030C-A",2
"YEL030W",10
"YEL031W",279
"YEL032C-A",6
"YEL032W",85
"YEL033W",170
"YEL034C-A",562
"YEL034W",499
"YEL035C",5
"YEL036C",41
"YEL037C",44
"YEL038W",50
"YEL039C",218
"YEL040W",9
"YEL041W",62
"YEL042W",41
"YEL043W",81
"YEL044W",26
"YEL045C",21
"YEL046C",63
"YEL047C",50
"YEL048C",2
"YEL049W",3
"YEL050C",75
"YEL050W-A",35
"YEL051W",133
"YEL052W",79
"YEL053C",29
"YEL053W-A",22
"YEL054C",51
"YEL055C",92
"YEL056W",26
"YEL057C",3
"YEL058W",113
"YEL059C-A",14
"YEL059W",5
"YEL060C",1398
"YEL061C",35
"YEL062W",71
"YEL063C",777
"YEL064C",47
"YEL065W",58
"YEL066W",55
"YEL067C",8
"YEL068C",14
"YEL069C",0
"YEL070W",0
"YEL071W",86
"YEL072W",26
"YEL073C",11
"YEL074W",1
"YEL075C",0
"YEL075W-A",0
"YEL076C",0
"YEL076C-A",0
"YEL077C",0
"YEL077W-A",0
"YER001W",224
"YER002W",51
"YER003C",51
"YER004W",73
"YER005W",56
"YER006C-A",8
"YER006W",55
"YER007C-A",27
"YER007W",26
"YER008C",165
"YER009W",94
"YER010C",80
"YER011W",6
"YER012W",69
"YER013W",107
"YER014C-A",27
"YER014W",49
"YER015W",27
"YER016W",18
"YER017C",121
"YER018C",15
"YER019C-A",103
"YER019W",26
"YER020W",61
"YER021W",157
"YER022W",32
"YER023C-A",15
"YER023W",61
"YER024W",57
"YER025W",152
"YER026C",140
"YER027C",56
"YER028C",33
"YER029C",31
"YER030W",28
"YER031C",54
"YER032W",12
"YER033C",80
"YER034W",22
"YER035W",186
"YER036C",304
"YER037W",172
"YER038C",29
"YER038W-A",53
"YER039C",57
"YER039C-A",18
"YER040W",70
"YER041W",31
"YER042W",41
"YER043C",342
"YER044C",211
"YER044C-A",9
"YER045C",165
"YER046W",16
"YER046W-A",15
"YER047C",68
"YER048C",65
"YER048W-A",22
"YER049W",65
"YER050C",26
"YER051W",47
"YER052C",73
"YER053C",802
"YER053C-A",389
"YER054C",84
"YER055C",41
"YER056C",584
"YER056C-A",30
"YER057C",141
"YER058W",18
"YER059W",46
"YER060W",56
"YER060W-A",18
"YER061C",55
"YER062C",186
"YER063W",70
"YER064C",2
"YER065C",49
"YER066C-A",56
"YER066W",25
"YER067C-A",137
"YER067W",166
"YER068C-A",6
"YER068W",77
"YER069W",100
"YER070W",57
"YER071C",27
"YER072W",55
"YER073W",29
"YER074W",50
"YER074W-A",36
"YER075C",87
"YER076C",5
"YER076W-A",1
"YER077C",29
"YER078C",59
"YER078W-A",2
"YER079C-A",10
"YER079W",78
"YER080W",106
"YER081W",100
"YER082C",34
"YER083C",37
"YER084W",3
"YER084W-A",5
"YER085C",2
"YER086W",67
"YER087C-A",8
"YER087C-B",67
"YER087W",35
"YER088C",248
"YER088C-A",5
"YER088W-B",5
"YER089C",24
"YER090C-A",4
"YER090W",69
"YER091C",497
"YER091C-A",0
"YER092W",19
"YER093C",103
"YER093C-A",15
"YER094C",110
"YER095W",62
"YER096W",35
"YER097W",2
"YER098W",48
"YER099C",104
"YER100W",50
"YER101C",71
"YER102W",24
"YER103W",68
"YER104W",17
"YER105C",195
"YER106W",7
"YER107C",34
"YER107W-A",9
"YER110C",173
"YER111C",61
"YER112W",27
"YER113C",27
"YER114C",90
"YER115C",10
"YER116C",40
"YER117W",70
"YER118C",12
"YER119C",35
"YER119C-A",17
"YER120W",85
"YER121W",4
"YER122C",63
"YER123W",48
"YER124C",53
"YER125W",312
"YER126C",15
"YER127W",15
"YER128W",16
"YER129W",121
"YER130C",32
"YER131W",40
"YER132C",190
"YER133W",260
"YER133W-A",14
"YER134C",30
"YER135C",1
"YER136W",239
"YER137C",1
"YER137C-A",0
"YER137W-A",1
"YER138C",0
"YER138W-A",0
"YER139C",20
"YER140W",55
"YER141W",1019
"YER142C",68
"YER143W",49
"YER144C",29
"YER145C",32
"YER145C-A",17
"YER146W",26
"YER147C",37
"YER147C-A",24
"YER148W",60
"YER148W-A",9
"YER149C",15
"YER150W",627
"YER151C",123
"YER152C",28
"YER152W-A",3
"YER153C",5
"YER154W",19
"YER155C",398
"YER156C",23
"YER157W",42
"YER158C",303
"YER158W-A",12
"YER159C",26
"YER159C-A",0
"YER160C",0
"YER161C",90
"YER162C",61
"YER163C",32
"YER164W",158
"YER165C-A",18
"YER165W",359
"YER166W",254
"YER167W",99
"YER168C",19
"YER169W",195
"YER170W",10
"YER171W",37
"YER172C",175
"YER172C-A",1
"YER173W",25
"YER174C",55
"YER175C",40
"YER175W-A",2
"YER176W",107
"YER177W",521
"YER178W",273
"YER179W",2
"YER180C",13
"YER180C-A",7
"YER181C",5
"YER182W",99
"YER183C",20
"YER184C",36
"YER185W",7
"YER186C",70
"YER187W",7
"YER188C-A",0
"YER188W",0
"YER189W",0
"YER190C-A",0
"YER190C-B",0
"YER190W",0
"YFL001W",9
"YFL002C",14
"YFL002W-A",0
"YFL002W-B",0
"YFL003C",10
"YFL004W",254
"YFL005W",132
"YFL007W",380
"YFL008W",56
"YFL009W",54
"YFL010C",21
"YFL010W-A",15
"YFL011W",0
"YFL012W",0
"YFL012W-A",3
"YFL013C",46
"YFL013W-A",22
"YFL014W",443
"YFL015C",0
"YFL015W-A",2
"YFL016C",119
"YFL017C",4
"YFL017W-A",25
"YFL018C",201
"YFL019C",8
"YFL020C",1
"YFL021C-A",64
"YFL021W",218
"YFL022C",47
"YFL023W",70
"YFL024C",52
"YFL025C",41
"YFL026W",13
"YFL027C",27
"YFL028C",41
"YFL029C",26
"YFL030W",328
"YFL031C-A",19
"YFL031W",194
"YFL032W",15
"YFL033C",316
"YFL034C-A",24
"YFL034C-B",7
"YFL034W",65
"YFL036W",186
"YFL037W",55
"YFL038C",183
"YFL039C",956
"YFL040W",3
"YFL041W",86
"YFL041W-A",14
"YFL042C",87
"YFL044C",40
"YFL045C",89
"YFL046W",16
"YFL047W",19
"YFL048C",48
"YFL049W",39
"YFL050C",88
"YFL051C",0
"YFL052W",20
"YFL053W",2
"YFL054C",6
"YFL055W",7
"YFL056C",2
"YFL058W",0
"YFL059W",0
"YFL060C",0
"YFL061W",0
"YFL062W",1
"YFL063W",0
"YFL064C",0
"YFL065C",0
"YFL066C",0
"YFL067W",0
"YFL068W",0
"YFR001W",16
"YFR002W",71
"YFR003C",54
"YFR004W",76
"YFR005C",26
"YFR006W",207
"YFR007W",24
"YFR008W",9
"YFR009W",66
"YFR009W-A",0
"YFR010W",125
"YFR010W-A",18
"YFR011C",34
"YFR012W",0
"YFR012W-A",1
"YFR013W",52
"YFR014C",82
"YFR015C",22
"YFR016C",177
"YFR017C",211
"YFR018C",9
"YFR019W",103
"YFR020W",45
"YFR021W",48
"YFR022W",55
"YFR023W",5
"YFR024C-A",85
"YFR025C",54
"YFR026C",0
"YFR027W",4
"YFR028C",27
"YFR029W",46
"YFR030W",131
"YFR031C",67
"YFR031C-A",84
"YFR032C",1
"YFR032C-A",62
"YFR032C-B",9
"YFR033C",704
"YFR034C",20
"YFR034W-A",10
"YFR035C",7
"YFR036W",11
"YFR036W-A",26
"YFR037C",49
"YFR038W",53
"YFR039C",32
"YFR040W",289
"YFR041C",17
"YFR042W",8
"YFR043C",13
"YFR044C",236
"YFR045W",45
"YFR046C",18
"YFR047C",67
"YFR048W",50
"YFR049W",82
"YFR050C",123
"YFR051C",51
"YFR052C-A",43
"YFR052W",61
"YFR053C",985
"YFR054C",0
"YFR055W",98
"YFR056C",17
"YFR057W",0
"YGL001C",233
"YGL002W",53
"YGL003C",51
"YGL004C",31
"YGL005C",35
"YGL006W",239
"YGL006W-A",2
"YGL007C-A",5
"YGL007W",17
"YGL008C",5177
"YGL009C",438
"YGL010W",31
"YGL011C",132
"YGL012W",236
"YGL013C",102
"YGL014C-A",1
"YGL014W",50
"YGL015C",3
"YGL016W",65
"YGL017W",25
"YGL018C",5
"YGL019W",87
"YGL020C",32
"YGL021W",17
"YGL022W",60
"YGL023C",47
"YGL024W",3
"YGL025C",22
"YGL026C",106
"YGL027C",71
"YGL028C",27
"YGL029W",11
"YGL030W",246
"YGL031C",82
"YGL032C",1
"YGL033W",1
"YGL034C",1
"YGL035C",56
"YGL036W",82
"YGL037C",303
"YGL038C",66
"YGL039W",18
"YGL040C",99
"YGL041C",7
"YGL041C-B",1
"YGL041W-A",17
"YGL042C",14
"YGL043W",21
"YGL044C",50
"YGL045W",60
"YGL047W",7
"YGL048C",113
"YGL049C",67
"YGL050W",24
"YGL051W",0
"YGL052W",0
"YGL053W",0
"YGL054C",159
"YGL055W",3332
"YGL056C",35
"YGL057C",23
"YGL058W",36
"YGL059W",56
"YGL060W",15
"YGL061C",9
"YGL062W",181
"YGL063C-A",0
"YGL063W",5
"YGL064C",10
"YGL065C",27
"YGL066W",62
"YGL067W",40
"YGL068W",68
"YGL069C",31
"YGL070C",13
"YGL071W",90
"YGL072C",11
"YGL073W",138
"YGL074C",18
"YGL075C",19
"YGL076C",37
"YGL077C",244
"YGL078C",49
"YGL079W",11
"YGL080W",29
"YGL081W",5
"YGL082W",48
"YGL083W",49
"YGL084C",67
"YGL085W",11
"YGL086W",25
"YGL087C",44
"YGL088W",0
"YGL089C",3
"YGL090W",24
"YGL091C",25
"YGL092W",59
"YGL093W",43
"YGL094C",116
"YGL095C",51
"YGL096W",168
"YGL097W",55
"YGL098W",29
"YGL099W",23
"YGL100W",43
"YGL101W",43
"YGL102C",274
"YGL103W",347
"YGL104C",26
"YGL105W",109
"YGL106W",49
"YGL107C",65
"YGL108C",14
"YGL109W",13
"YGL110C",34
"YGL111W",23
"YGL112C",40
"YGL113W",30
"YGL114W",86
"YGL115W",59
"YGL116W",24
"YGL117W",17
"YGL118C",0
"YGL119W",46
"YGL120C",24
"YGL121C",110
"YGL122C",86
"YGL123C-A",92
"YGL123W",246
"YGL124C",33
"YGL125W",68
"YGL126W",15
"YGL127C",21
"YGL128C",9
"YGL129C",46
"YGL130W",49
"YGL131C",134
"YGL132W",11
"YGL133W",156
"YGL134W",69
"YGL135W",77
"YGL136C",49
"YGL137W",120
"YGL138C",0
"YGL139W",76
"YGL140C",311
"YGL141W",83
"YGL142C",64
"YGL143C",49
"YGL144C",45
"YGL145W",36
"YGL146C",7
"YGL147C",11
"YGL148W",64
"YGL149W",16
"YGL150C",202
"YGL151W",64
"YGL152C",23
"YGL153W",53
"YGL154C",24
"YGL155W",24
"YGL156W",573
"YGL157W",63
"YGL158W",6
"YGL159W",31
"YGL160W",76
"YGL161C",57
"YGL162W",2
"YGL163C",113
"YGL164C",20
"YGL165C",31
"YGL166W",33
"YGL167C",166
"YGL168W",32
"YGL169W",24
"YGL170C",8
"YGL171W",20
"YGL172W",37
"YGL173C",308
"YGL174W",14
"YGL175C",10
"YGL176C",23
"YGL177W",13
"YGL178W",205
"YGL179C",55
"YGL180W",186
"YGL181W",41
"YGL182C",3
"YGL183C",9
"YGL184C",45
"YGL185C",36
"YGL186C",157
"YGL187C",414
"YGL188C",81
"YGL188C-A",10
"YGL189C",165
"YGL190C",93
"YGL191W",575
"YGL192W",20
"YGL193C",0
"YGL194C",27
"YGL194C-A",6
"YGL195W",254
"YGL196W",198
"YGL197W",110
"YGL198W",39
"YGL199C",25
"YGL200C",72
"YGL201C",43
"YGL202W",79
"YGL203C",85
"YGL204C",1
"YGL205W",88
"YGL206C",496
"YGL207W",93
"YGL208W",26
"YGL209W",68
"YGL210W",38
"YGL211W",63
"YGL212W",23
"YGL213C",44
"YGL214W",25
"YGL215W",125
"YGL216W",49
"YGL217C",4
"YGL218W",19
"YGL219C",106
"YGL220W",38
"YGL221C",29
"YGL222C",54
"YGL223C",37
"YGL224C",37
"YGL225W",119
"YGL226C-A",38
"YGL226W",25
"YGL227W",119
"YGL228W",152
"YGL229C",41
"YGL230C",1
"YGL231C",25
"YGL232W",9
"YGL233W",47
"YGL234W",33
"YGL235W",3
"YGL236C",26
"YGL237C",7
"YGL238W",98
"YGL239C",9
"YGL240W",12
"YGL241W",31
"YGL242C",22
"YGL243W",16
"YGL244W",43
"YGL245W",202
"YGL246C",27
"YGL247W",16
"YGL248W",68
"YGL249W",13
"YGL250W",15
"YGL251C",51
"YGL252C",121
"YGL253W",242
"YGL254W",25
"YGL255W",41
"YGL256W",39
"YGL257C",46
"YGL258W",0
"YGL258W-A",10
"YGL259W",8
"YGL260W",0
"YGL261C",0
"YGL262W",9
"YGL263W",13
"YGR001C",36
"YGR002C",32
"YGR003W",79
"YGR004W",18
"YGR005C",53
"YGR006W",6
"YGR007W",68
"YGR008C",69
"YGR009C",105
"YGR010W",18
"YGR011W",6
"YGR012W",20
"YGR013W",58
"YGR014W",58
"YGR015C",9
"YGR016W",7
"YGR017W",38
"YGR018C",10
"YGR019W",95
"YGR020C",79
"YGR021W",22
"YGR022C",15
"YGR023W",58
"YGR024C",50
"YGR025W",28
"YGR026W",176
"YGR027C",203
"YGR027W-A",0
"YGR027W-B",0
"YGR028W",77
"YGR029W",31
"YGR030C",21
"YGR031C-A",2
"YGR031W",12
"YGR032W",2177
"YGR033C",31
"YGR034W",86
"YGR035C",62
"YGR035W-A",18
"YGR036C",23
"YGR037C",105
"YGR038C-A",0
"YGR038C-B",0
"YGR038W",28
"YGR039W",2
"YGR040W",11
"YGR041W",30
"YGR042W",30
"YGR043C",130
"YGR044C",34
"YGR045C",6
"YGR046W",30
"YGR047C",69
"YGR048W",40
"YGR049W",61
"YGR050C",12
"YGR051C",9
"YGR052W",48
"YGR053C",15
"YGR054W",29
"YGR055W",2
"YGR056W",29
"YGR057C",20
"YGR058W",40
"YGR059W",1
"YGR060W",604
"YGR061C",165
"YGR062C",16
"YGR063C",27
"YGR064W",18
"YGR065C",34
"YGR066C",22
"YGR067C",12
"YGR068C",9
"YGR068W-A",1
"YGR069W",0
"YGR070W",103
"YGR071C",36
"YGR072W",74
"YGR073C",7
"YGR074W",24
"YGR075C",18
"YGR076C",16
"YGR077C",30
"YGR078C",8
"YGR079W",151
"YGR080W",60
"YGR081C",9
"YGR082W",66
"YGR083C",48
"YGR084C",21
"YGR085C",36
"YGR086C",265
"YGR087C",818
"YGR088W",1210
"YGR089W",88
"YGR090W",64
"YGR091W",16
"YGR092W",15
"YGR093W",48
"YGR094W",220
"YGR095C",16
"YGR096W",11
"YGR097W",107
"YGR098C",77
"YGR099W",43
"YGR100W",91
"YGR101W",41
"YGR102C",47
"YGR103W",60
"YGR104C",9
"YGR105W",24
"YGR106C",182
"YGR107W",1
"YGR108W",2
"YGR109C",1
"YGR109W-A",0
"YGR109W-B",0
"YGR110W",47
"YGR111W",43
"YGR112W",45
"YGR113W",37
"YGR114C",0
"YGR115C",33
"YGR116W",201
"YGR117C",33
"YGR118W",109
"YGR119C",22
"YGR120C",13
"YGR121C",50
"YGR121W-A",1
"YGR122C-A",0
"YGR122W",25
"YGR123C",17
"YGR124W",50
"YGR125W",1093
"YGR126W",10
"YGR127W",35
"YGR128C",15
"YGR129W",12
"YGR130C",190
"YGR131W",12
"YGR132C",154
"YGR133W",23
"YGR134W",66
"YGR135W",97
"YGR136W",27
"YGR137W",5
"YGR138C",78
"YGR139W",4
"YGR140W",31
"YGR141W",53
"YGR142W",43
"YGR143W",270
"YGR144W",51
"YGR145W",64
"YGR146C",11
"YGR146C-A",5
"YGR147C",70
"YGR148C",71
"YGR149W",59
"YGR150C",53
"YGR151C",0
"YGR152C",4
"YGR153W",27
"YGR154C",60
"YGR155W",145
"YGR156W",28
"YGR157W",328
"YGR158C",13
"YGR159C",47
"YGR160W",24
"YGR161C",197
"YGR161C-C",0
"YGR161C-D",0
"YGR161W-A",0
"YGR161W-B",0
"YGR161W-C",20
"YGR162W",123
"YGR163W",48
"YGR164W",2
"YGR165W",59
"YGR166W",25
"YGR167W",104
"YGR168C",26
"YGR169C",6
"YGR169C-A",30
"YGR170W",48
"YGR171C",29
"YGR172C",9
"YGR173W",12
"YGR174C",92
"YGR174W-A",7
"YGR175C",776
"YGR176W",2
"YGR177C",9
"YGR178C",137
"YGR179C",13
"YGR180C",231
"YGR181W",16
"YGR182C",127
"YGR183C",312
"YGR184C",398
"YGR185C",28
"YGR186W",254
"YGR187C",18
"YGR188C",19
"YGR189C",32
"YGR190C",31
"YGR191W",89
"YGR192C",1162
"YGR193C",42
"YGR194C",46
"YGR195W",8
"YGR196C",72
"YGR197C",23
"YGR198W",36
"YGR199W",106
"YGR200C",40
"YGR201C",274
"YGR202C",75
"YGR203W",4
"YGR204C-A",1
"YGR204W",121
"YGR205W",42
"YGR206W",17
"YGR207C",41
"YGR208W",11
"YGR209C",358
"YGR210C",42
"YGR211W",41
"YGR212W",11
"YGR213C",10
"YGR214W",164
"YGR215W",34
"YGR216C",32
"YGR217W",109
"YGR218W",390
"YGR219W",21
"YGR220C",42
"YGR221C",10
"YGR222W",30
"YGR223C",39
"YGR224W",14
"YGR225W",35
"YGR226C",2
"YGR227W",38
"YGR228W",16
"YGR229C",50
"YGR230W",5
"YGR231C",111
"YGR232W",57
"YGR233C",134
"YGR234W",693
"YGR235C",111
"YGR236C",89
"YGR237C",67
"YGR238C",49
"YGR239C",28
"YGR240C",859
"YGR240C-A",2
"YGR241C",49
"YGR242W",6
"YGR243W",80
"YGR244C",227
"YGR245C",88
"YGR246C",49
"YGR247W",23
"YGR248W",120
"YGR249W",45
"YGR250C",137
"YGR251W",14
"YGR252W",39
"YGR253C",59
"YGR254W",1673
"YGR255C",195
"YGR256W",329
"YGR257C",87
"YGR258C",62
"YGR259C",35
"YGR260W",145
"YGR261C",49
"YGR262C",21
"YGR263C",24
"YGR264C",102
"YGR265W",15
"YGR266W",32
"YGR267C",81
"YGR268C",9
"YGR269W",11
"YGR270C-A",21
"YGR270W",267
"YGR271C-A",15
"YGR271W",105
"YGR273C",0
"YGR274C",78
"YGR275W",27
"YGR276C",60
"YGR277C",40
"YGR278W",24
"YGR279C",1115
"YGR280C",33
"YGR281W",546
"YGR282C",1037
"YGR283C",13
"YGR284C",77
"YGR285C",84
"YGR286C",21
"YGR287C",11
"YGR288W",0
"YGR289C",0
"YGR290W",0
"YGR291C",0
"YGR292W",0
"YGR293C",0
"YGR294W",0
"YGR295C",0
"YGR296C-A",0
"YGR296C-B",0
"YGR296W",0
"YHL001W",54
"YHL002C-A",8
"YHL002W",51
"YHL003C",41
"YHL004W",31
"YHL005C",1
"YHL006C",2
"YHL006W-A",13
"YHL007C",107
"YHL008C",9
"YHL009C",8
"YHL009W-A",0
"YHL009W-B",0
"YHL010C",39
"YHL011C",60
"YHL012W",10
"YHL013C",10
"YHL014C",19
"YHL015W",143
"YHL015W-A",0
"YHL016C",180
"YHL017W",43
"YHL018W",1
"YHL019C",54
"YHL019W-A",18
"YHL020C",62
"YHL021C",74
"YHL022C",2
"YHL023C",131
"YHL024W",28
"YHL025W",67
"YHL026C",14
"YHL027W",197
"YHL028W",205
"YHL029C",94
"YHL030W",155
"YHL030W-A",18
"YHL031C",47
"YHL032C",41
"YHL033C",37
"YHL034C",212
"YHL034W-A",115
"YHL035C",52
"YHL036W",33
"YHL037C",0
"YHL038C",33
"YHL039W",46
"YHL040C",46
"YHL041W",0
"YHL042W",11
"YHL043W",5
"YHL044W",15
"YHL045W",0
"YHL046C",0
"YHL046W-A",3
"YHL047C",7
"YHL048C-A",0
"YHL048W",13
"YHL049C",0
"YHL050C",0
"YHL050W-A",0
"YHR001W",86
"YHR001W-A",459
"YHR002W",39
"YHR003C",36
"YHR004C",70
"YHR005C",3
"YHR005C-A",53
"YHR006W",86
"YHR007C",873
"YHR007C-A",33
"YHR008C",423
"YHR009C",196
"YHR010W",101
"YHR011W",18
"YHR012W",41
"YHR013C",13
"YHR014W",0
"YHR015W",1
"YHR016C",75
"YHR017W",42
"YHR018C",297
"YHR019C",129
"YHR020W",110
"YHR021C",262
"YHR021W-A",7
"YHR022C",9
"YHR022C-A",0
"YHR023W",47
"YHR024C",34
"YHR025W",33
"YHR026W",92
"YHR027C",263
"YHR028C",403
"YHR028W-A",23
"YHR029C",144
"YHR030C",49
"YHR031C",48
"YHR032C-A",8
"YHR032W",50
"YHR032W-A",11
"YHR033W",12
"YHR034C",11
"YHR035W",16
"YHR036W",28
"YHR037W",1081
"YHR038W",7
"YHR039C",80
"YHR039C-A",172
"YHR040W",11
"YHR041C",13
"YHR042W",66
"YHR043C",23
"YHR044C",19
"YHR045W",47
"YHR046C",39
"YHR047C",22
"YHR048W",25
"YHR049C-A",34
"YHR049W",234
"YHR050W",128
"YHR050W-A",48
"YHR051W",287
"YHR052W",32
"YHR052W-A",0
"YHR053C",0
"YHR054C",0
"YHR054W-A",0
"YHR055C",0
"YHR056C",50
"YHR056W-A",12
"YHR057C",73
"YHR058C",13
"YHR059W",23
"YHR060W",8
"YHR061C",17
"YHR062C",5
"YHR063C",54
"YHR063W-A",56
"YHR064C",153
"YHR065C",8
"YHR066W",17
"YHR067W",30
"YHR068W",128
"YHR069C",30
"YHR069C-A",2
"YHR070C-A",8
"YHR070W",23
"YHR071C-A",5
"YHR071W",180
"YHR072W",67
"YHR072W-A",35
"YHR073C-B",7
"YHR073W",80
"YHR073W-A",0
"YHR074W",98
"YHR075C",50
"YHR076W",34
"YHR077C",101
"YHR078W",109
"YHR079C",115
"YHR079C-A",1
"YHR080C",231
"YHR081W",47
"YHR082C",372
"YHR083W",44
"YHR084W",22
"YHR085W",13
"YHR086W",136
"YHR086W-A",0
"YHR087W",43
"YHR088W",29
"YHR089C",57
"YHR090C",32
"YHR091C",57
"YHR092C",144
"YHR093W",2
"YHR094C",894
"YHR095W",2
"YHR096C",43
"YHR097C",40
"YHR098C",58
"YHR099W",326
"YHR100C",39
"YHR101C",40
"YHR102W",169
"YHR103W",89
"YHR104W",311
"YHR105W",7
"YHR106W",105
"YHR107C",60
"YHR108W",75
"YHR109W",28
"YHR110W",69
"YHR111W",56
"YHR112C",124
"YHR113W",255
"YHR114W",31
"YHR115C",51
"YHR116W",9
"YHR117W",42
"YHR118C",15
"YHR119W",74
"YHR120W",21
"YHR121W",28
"YHR122W",24
"YHR123W",31
"YHR124W",7
"YHR125W",1
"YHR126C",1
"YHR127W",7
"YHR128W",8
"YHR129C",6
"YHR130C",10
"YHR131C",122
"YHR131W-A",24
"YHR132C",111
"YHR132W-A",42
"YHR133C",22
"YHR134W",16
"YHR135C",58
"YHR136C",1
"YHR137C-A",5
"YHR137W",25
"YHR138C",109
"YHR139C",24
"YHR139C-A",3
"YHR140W",70
"YHR141C",25
"YHR142W",14
"YHR143W",60
"YHR143W-A",12
"YHR144C",6
"YHR145C",1
"YHR146W",55
"YHR147C",29
"YHR148W",3
"YHR149C",16
"YHR150W",54
"YHR151C",53
"YHR152W",12
"YHR153C",2
"YHR154W",12
"YHR155W",107
"YHR156C",16
"YHR157W",15
"YHR158C",55
"YHR159W",36
"YHR160C",37
"YHR161C",111
"YHR162W",240
"YHR163W",40
"YHR164C",59
"YHR165C",218
"YHR165W-A",8
"YHR166C",28
"YHR167W",18
"YHR168W",25
"YHR169W",16
"YHR170W",24
"YHR171W",49
"YHR172W",10
"YHR173C",3
"YHR174W",323
"YHR175W",43
"YHR175W-A",9
"YHR176W",36
"YHR177W",9
"YHR178W",79
"YHR179W",294
"YHR180C-B",0
"YHR180W",21
"YHR180W-A",0
"YHR181W",39
"YHR182C-A",191
"YHR182W",36
"YHR183W",638
"YHR184W",0
"YHR185C",0
"YHR186C",99
"YHR187W",31
"YHR188C",38
"YHR189W",7
"YHR190W",220
"YHR191C",30
"YHR192W",17
"YHR193C",83
"YHR193C-A",6
"YHR194W",58
"YHR195W",69
"YHR196W",21
"YHR197W",22
"YHR198C",60
"YHR199C",159
"YHR199C-A",7
"YHR200W",50
"YHR201C",25
"YHR202W",111
"YHR203C",50
"YHR204W",28
"YHR205W",342
"YHR206W",70
"YHR207C",41
"YHR208W",196
"YHR209W",19
"YHR210C",10
"YHR211W",10
"YHR212C",0
"YHR212W-A",0
"YHR213W",0
"YHR213W-A",0
"YHR213W-B",0
"YHR214C-B",0
"YHR214C-C",0
"YHR214C-D",0
"YHR214C-E",0
"YHR214W",0
"YHR214W-A",0
"YHR215W",1
"YHR216W",9
"YHR217C",0
"YHR218W",0
"YHR218W-A",0
"YHR219C-A",0
"YHR219W",0
"YIL001W",32
"YIL002C",64
"YIL002W-A",26
"YIL003W",26
"YIL004C",14
"YIL005W",105
"YIL006W",40
"YIL007C",48
"YIL008W",9
"YIL009C-A",14
"YIL009W",47
"YIL010W",12
"YIL011W",8
"YIL012W",1
"YIL013C",61
"YIL014C-A",0
"YIL014W",83
"YIL015W",8
"YIL016W",29
"YIL017C",93
"YIL018W",113
"YIL019W",31
"YIL020C",31
"YIL020C-A",11
"YIL021C-A",7
"YIL021W",21
"YIL022W",28
"YIL023C",20
"YIL024C",50
"YIL025C",2
"YIL026C",40
"YIL027C",28
"YIL028W",2
"YIL029C",2
"YIL029W-A",9
"YIL030C",173
"YIL030W-A",3
"YIL031W",96
"YIL032C",0
"YIL033C",139
"YIL034C",49
"YIL035C",37
"YIL036W",58
"YIL037C",22
"YIL038C",48
"YIL039W",75
"YIL040W",11
"YIL041W",116
"YIL042C",18
"YIL043C",72
"YIL044C",47
"YIL045W",239
"YIL046W",151
"YIL046W-A",3
"YIL047C",298
"YIL047C-A",17
"YIL048W",131
"YIL049W",5
"YIL050W",71
"YIL051C",73
"YIL052C",82
"YIL053W",161
"YIL054W",0
"YIL055C",11
"YIL056W",380
"YIL057C",0
"YIL058W",0
"YIL059C",52
"YIL060W",39
"YIL061C",17
"YIL062C",63
"YIL063C",32
"YIL064W",15
"YIL065C",24
"YIL066C",4
"YIL066W-A",6
"YIL067C",29
"YIL068C",47
"YIL068W-A",11
"YIL069C",32
"YIL070C",67
"YIL071C",107
"YIL071W-A",49
"YIL072W",41
"YIL073C",36
"YIL074C",36
"YIL075C",265
"YIL076W",51
"YIL077C",46
"YIL078W",226
"YIL079C",15
"YIL082W",0
"YIL082W-A",0
"YIL083C",56
"YIL084C",29
"YIL085C",83
"YIL086C",17
"YIL087C",96
"YIL088C",233
"YIL089W",25
"YIL090W",85
"YIL091C",43
"YIL092W",27
"YIL093C",36
"YIL094C",103
"YIL095W",28
"YIL096C",10
"YIL097W",43
"YIL098C",27
"YIL099W",23
"YIL100C-A",2
"YIL100W",7
"YIL101C",31
"YIL102C",6
"YIL102C-A",8
"YIL103W",39
"YIL104C",14
"YIL105C",75
"YIL105W-A",9
"YIL106W",20
"YIL107C",110
"YIL108W",130
"YIL109C",82
"YIL110W",14
"YIL111W",92
"YIL112W",200
"YIL113W",61
"YIL114C",19
"YIL115C",136
"YIL115W-A",15
"YIL116W",131
"YIL117C",11
"YIL118W",43
"YIL119C",291
"YIL120W",68
"YIL121W",80
"YIL122W",25
"YIL123W",10
"YIL124W",48
"YIL125W",596
"YIL126W",153
"YIL127C",8
"YIL128W",44
"YIL129C",354
"YIL130W",111
"YIL131C",8
"YIL132C",7
"YIL133C",146
"YIL134C-A",3
"YIL134W",14
"YIL135C",59
"YIL136W",223
"YIL137C",76
"YIL138C",20
"YIL139C",13
"YIL140W",14
"YIL141W",0
"YIL142C-A",13
"YIL142W",79
"YIL143C",132
"YIL144W",38
"YIL145C",29
"YIL146C",118
"YIL147C",97
"YIL148W",66
"YIL149C",99
"YIL150C",23
"YIL151C",166
"YIL152W",9
"YIL153W",13
"YIL154C",33
"YIL155C",30
"YIL156W",37
"YIL156W-A",14
"YIL156W-B",30
"YIL157C",53
"YIL158W",12
"YIL159W",18
"YIL160C",38
"YIL161W",15
"YIL162W",21
"YIL163C",9
"YIL164C",27
"YIL165C",12
"YIL166C",70
"YIL169C",18
"YIL170W",0
"YIL171W",0
"YIL171W-A",0
"YIL172C",0
"YIL173W",0
"YIL174W",0
"YIL175W",0
"YIL176C",0
"YIL177C",0
"YIL177W-A",0
"YIR001C",34
"YIR002C",62
"YIR003W",29
"YIR004W",42
"YIR005W",9
"YIR006C",132
"YIR007W",25
"YIR008C",17
"YIR009W",6
"YIR010W",26
"YIR011C",37
"YIR012W",34
"YIR013C",0
"YIR014W",16
"YIR015W",14
"YIR016W",35
"YIR017C",22
"YIR017W-A",20
"YIR018C-A",13
"YIR018W",20
"YIR019C",287
"YIR020C",0
"YIR020C-B",6
"YIR020W-A",1
"YIR021W",16
"YIR021W-A",0
"YIR022W",50
"YIR023C-A",12
"YIR023W",81
"YIR024C",12
"YIR025W",12
"YIR026C",16
"YIR027C",32
"YIR028W",60
"YIR029W",12
"YIR030C",15
"YIR030W-A",53
"YIR031C",159
"YIR032C",29
"YIR033W",127
"YIR034C",70
"YIR035C",74
"YIR036C",53
"YIR036W-A",16
"YIR037W",172
"YIR038C",73
"YIR039C",48
"YIR040C",0
"YIR041W",0
"YIR042C",12
"YJL001W",146
"YJL002C",110
"YJL003W",24
"YJL004C",22
"YJL005W",373
"YJL006C",25
"YJL007C",2
"YJL008C",87
"YJL009W",28
"YJL010C",30
"YJL011C",2
"YJL012C",89
"YJL013C",25
"YJL014W",99
"YJL015C",49
"YJL016W",226
"YJL019W",23
"YJL020C",133
"YJL020W-A",19
"YJL022W",4
"YJL023C",27
"YJL024C",10
"YJL025W",19
"YJL026C-A",50
"YJL026W",324
"YJL027C",0
"YJL028W",3
"YJL029C",28
"YJL030W",10
"YJL031C",20
"YJL032W",10
"YJL033W",43
"YJL034W",335
"YJL035C",21
"YJL036W",55
"YJL037W",3
"YJL038C",3
"YJL039C",91
"YJL041W",33
"YJL042W",182
"YJL043W",5
"YJL044C",36
"YJL045W",11
"YJL046W",28
"YJL047C",46
"YJL047C-A",1
"YJL048C",208
"YJL049W",25
"YJL050W",95
"YJL051W",24
"YJL052C-A",0
"YJL052W",13886
"YJL053W",66
"YJL054W",50
"YJL055W",123
"YJL056C",58
"YJL057C",62
"YJL058C",15
"YJL059W",15
"YJL060W",62
"YJL061W",31
"YJL062W",45
"YJL062W-A",41
"YJL063C",35
"YJL064W",6
"YJL065C",13
"YJL066C",111
"YJL067W",48
"YJL068C",39
"YJL069C",26
"YJL070C",68
"YJL071W",23
"YJL072C",15
"YJL073W",40
"YJL074C",48
"YJL075C",14
"YJL076W",72
"YJL077C",11
"YJL077W-A",17
"YJL077W-B",4
"YJL078C",78
"YJL079C",510
"YJL080C",42
"YJL081C",42
"YJL082W",141
"YJL083W",44
"YJL084C",158
"YJL085W",29
"YJL086C",1
"YJL087C",35
"YJL088W",13
"YJL089W",38
"YJL090C",34
"YJL091C",19
"YJL092W",32
"YJL093C",44
"YJL094C",194
"YJL095W",57
"YJL096W",23
"YJL097W",14
"YJL098W",67
"YJL099W",28
"YJL100W",44
"YJL101C",110
"YJL102W",80
"YJL103C",106
"YJL104W",27
"YJL105W",19
"YJL106W",11
"YJL107C",25
"YJL108C",20
"YJL109C",68
"YJL110C",40
"YJL111W",104
"YJL112W",111
"YJL113W",0
"YJL114W",0
"YJL115W",37
"YJL116C",1683
"YJL117W",58
"YJL118W",1
"YJL119C",3
"YJL120W",5
"YJL121C",23
"YJL122W",18
"YJL123C",115
"YJL124C",21
"YJL125C",19
"YJL126W",12
"YJL127C",38
"YJL127C-B",14
"YJL127W-A",6
"YJL128C",61
"YJL129C",181
"YJL130C",482
"YJL131C",41
"YJL132W",51
"YJL133C-A",353
"YJL133W",31
"YJL134W",57
"YJL135W",0
"YJL136C",98
"YJL136W-A",0
"YJL137C",38
"YJL138C",107
"YJL139C",28
"YJL140W",74
"YJL141C",139
"YJL142C",7
"YJL143W",107
"YJL144W",64
"YJL145W",21
"YJL146W",36
"YJL147C",20
"YJL148W",16
"YJL149W",44
"YJL150W",1
"YJL151C",266
"YJL152W",138
"YJL153C",93
"YJL154C",67
"YJL155C",76
"YJL156C",59
"YJL156W-A",10
"YJL157C",12
"YJL158C",18
"YJL159W",97
"YJL160C",1
"YJL161W",19
"YJL162C",10
"YJL163C",129
"YJL164C",208
"YJL165C",211
"YJL166W",737
"YJL167W",339
"YJL168C",43
"YJL169W",12
"YJL170C",9
"YJL171C",255
"YJL172W",648
"YJL173C",28
"YJL174W",136
"YJL175W",4
"YJL176C",68
"YJL177W",69
"YJL178C",70
"YJL179W",10
"YJL180C",32
"YJL181W",38
"YJL182C",1
"YJL183W",51
"YJL184W",14
"YJL185C",27
"YJL186W",66
"YJL187C",14
"YJL188C",113
"YJL189W",147
"YJL190C",32
"YJL191W",68
"YJL192C",57
"YJL193W",68
"YJL194W",22
"YJL195C",4
"YJL196C",278
"YJL197C-A",12
"YJL197W",120
"YJL198W",29
"YJL199C",11
"YJL200C",51
"YJL201W",48
"YJL202C",4
"YJL203W",21
"YJL204C",36
"YJL205C",54
"YJL206C",37
"YJL207C",156
"YJL208C",18
"YJL209W",57
"YJL210W",30
"YJL211C",8
"YJL212C",455
"YJL213W",30
"YJL214W",6
"YJL215C",9
"YJL216C",35
"YJL217W",0
"YJL218W",0
"YJL219W",0
"YJL220W",0
"YJL221C",0
"YJL222W",0
"YJL222W-A",0
"YJL222W-B",0
"YJL223C",0
"YJL225C",0
"YJL225W-A",0
"YJR001W",84
"YJR002W",59
"YJR003C",32
"YJR004C",33
"YJR005C-A",0
"YJR005W",54
"YJR006W",24
"YJR007W",22
"YJR008W",74
"YJR009C",407
"YJR010C-A",25
"YJR010W",25
"YJR011C",28
"YJR012C",16
"YJR013W",32
"YJR014W",33
"YJR015W",79
"YJR016C",273
"YJR017C",16
"YJR018W",7
"YJR019C",70
"YJR020W",13
"YJR021C",13
"YJR022W",6
"YJR023C",3
"YJR024C",26
"YJR025C",18
"YJR026W",0
"YJR027W",0
"YJR028W",0
"YJR029W",0
"YJR030C",18
"YJR031C",76
"YJR032W",24
"YJR033C",75
"YJR034W",25
"YJR035W",102
"YJR036C",51
"YJR037W",2
"YJR038C",7
"YJR039W",77
"YJR040W",21
"YJR041C",41
"YJR042W",49
"YJR043C",7
"YJR044C",42
"YJR045C",362
"YJR046W",16
"YJR047C",20
"YJR048W",189
"YJR049C",52
"YJR050W",33
"YJR051W",131
"YJR052W",66
"YJR053W",14
"YJR054W",20
"YJR055W",11
"YJR056C",15
"YJR057W",30
"YJR058C",51
"YJR059W",196
"YJR060W",27
"YJR061W",186
"YJR062C",22
"YJR063W",14
"YJR064W",68
"YJR065C",61
"YJR066W",393
"YJR067C",8
"YJR068W",44
"YJR069C",15
"YJR070C",31
"YJR071W",18
"YJR072C",33
"YJR073C",99
"YJR074W",86
"YJR075W",97
"YJR076C",73
"YJR077C",468
"YJR078W",35
"YJR079W",25
"YJR080C",66
"YJR082C",28
"YJR083C",15
"YJR084W",22
"YJR085C",123
"YJR086W",2
"YJR087W",10
"YJR088C",29
"YJR089W",64
"YJR090C",96
"YJR091C",202
"YJR092W",14
"YJR093C",27
"YJR094C",10
"YJR094W-A",31
"YJR095W",7
"YJR096W",724
"YJR097W",8
"YJR098C",41
"YJR099W",12
"YJR100C",35
"YJR101W",46
"YJR102C",15
"YJR103W",160
"YJR104C",779
"YJR105W",233
"YJR106W",33
"YJR107W",34
"YJR108W",4
"YJR109C",172
"YJR110W",69
"YJR111C",9
"YJR112W",7
"YJR112W-A",14
"YJR113C",43
"YJR114W",6
"YJR115W",12
"YJR116W",41
"YJR117W",135
"YJR118C",39
"YJR119C",54
"YJR120W",61
"YJR121W",1117
"YJR122W",37
"YJR123W",281
"YJR124C",19
"YJR125C",61
"YJR126C",145
"YJR127C",287
"YJR128W",3
"YJR129C",12
"YJR130C",56
"YJR131W",18
"YJR132W",48
"YJR133W",60
"YJR134C",47
"YJR135C",4
"YJR135W-A",22
"YJR136C",24
"YJR137C",203
"YJR138W",271
"YJR139C",208
"YJR140C",80
"YJR140W-A",6
"YJR141W",9
"YJR142W",35
"YJR143C",113
"YJR144W",43
"YJR145C",32
"YJR146W",2
"YJR147W",9
"YJR148W",43
"YJR149W",44
"YJR150C",4
"YJR151C",66
"YJR151W-A",1
"YJR152W",1299
"YJR153W",6
"YJR154W",12
"YJR155W",38
"YJR156C",0
"YJR157W",0
"YJR158W",0
"YJR159W",0
"YJR160C",0
"YJR161C",0
"YJR162C",0
"YKL001C",21
"YKL002W",119
"YKL003C",26
"YKL004W",59
"YKL005C",190
"YKL006C-A",30
"YKL006W",65
"YKL007W",54
"YKL008C",128
"YKL009W",22
"YKL010C",275
"YKL011C",12
"YKL012W",66
"YKL013C",89
"YKL014C",38
"YKL015W",58
"YKL016C",265
"YKL017C",28
"YKL018C-A",26
"YKL018W",15
"YKL019W",49
"YKL020C",192
"YKL021C",25
"YKL022C",52
"YKL023C-A",9
"YKL023W",72
"YKL024C",32
"YKL025C",56
"YKL026C",69
"YKL027W",39
"YKL028W",72
"YKL029C",21
"YKL030W",13
"YKL031W",1
"YKL032C",54
"YKL033W",49
"YKL033W-A",69
"YKL034W",93
"YKL035W",442
"YKL036C",21
"YKL037W",0
"YKL038W",234
"YKL039W",63
"YKL040C",30
"YKL041W",33
"YKL042W",15
"YKL043W",213
"YKL044W",20
"YKL045W",45
"YKL046C",111
"YKL047W",38
"YKL048C",60
"YKL049C",24
"YKL050C",72
"YKL051W",33
"YKL052C",13
"YKL053C-A",57
"YKL053W",11
"YKL054C",148
"YKL055C",8
"YKL056C",291
"YKL057C",48
"YKL058W",36
"YKL059C",31
"YKL060C",8803
"YKL061W",11
"YKL062W",402
"YKL063C",15
"YKL064W",282
"YKL065C",65
"YKL065W-A",9
"YKL066W",65
"YKL067W",205
"YKL068W",40
"YKL068W-A",19
"YKL069W",26
"YKL070W",67
"YKL071W",75
"YKL072W",44
"YKL073W",70
"YKL074C",35
"YKL075C",37
"YKL076C",6
"YKL077W",127
"YKL078W",9
"YKL079W",59
"YKL080W",134
"YKL081W",37
"YKL082C",43
"YKL083W",20
"YKL084W",14
"YKL085W",602
"YKL086W",4
"YKL087C",99
"YKL088W",55
"YKL089W",13
"YKL090W",24
"YKL091C",66
"YKL092C",54
"YKL093W",39
"YKL094W",184
"YKL095W",38
"YKL096C-B",6
"YKL096W",46
"YKL096W-A",3717
"YKL097C",0
"YKL098W",30
"YKL099C",14
"YKL100C",142
"YKL100W-A",6
"YKL101W",52
"YKL102C",0
"YKL103C",134
"YKL104C",97
"YKL105C",79
"YKL106C-A",1
"YKL106W",46
"YKL107W",23
"YKL108W",17
"YKL109W",495
"YKL110C",52
"YKL111C",14
"YKL112W",91
"YKL113C",31
"YKL114C",21
"YKL115C",3
"YKL116C",29
"YKL117W",106
"YKL118W",0
"YKL119C",18
"YKL120W",59
"YKL121W",82
"YKL122C",16
"YKL123W",0
"YKL124W",71
"YKL125W",77
"YKL126W",100
"YKL127W",20
"YKL128C",20
"YKL129C",125
"YKL130C",17
"YKL131W",9
"YKL132C",21
"YKL133C",35
"YKL134C",41
"YKL135C",88
"YKL136W",31
"YKL137W",19
"YKL138C",6
"YKL138C-A",5
"YKL139W",9
"YKL140W",73
"YKL141W",666
"YKL142W",180
"YKL143W",51
"YKL144C",9
"YKL145W",177
"YKL145W-A",0
"YKL146W",157
"YKL147C",24
"YKL148C",285
"YKL149C",23
"YKL150W",682
"YKL151C",325
"YKL152C",2366
"YKL153W",1420
"YKL154W",14
"YKL155C",53
"YKL156C-A",55
"YKL156W",103
"YKL157W",423
"YKL159C",7
"YKL160W",46
"YKL161C",12
"YKL162C",43
"YKL162C-A",0
"YKL163W",255
"YKL164C",26
"YKL165C",21
"YKL165C-A",6
"YKL166C",26
"YKL167C",24
"YKL168C",54
"YKL169C",28
"YKL170W",25
"YKL171W",134
"YKL172W",39
"YKL173W",43
"YKL174C",65
"YKL175W",169
"YKL176C",178
"YKL177W",0
"YKL178C",3
"YKL179C",31
"YKL180W",129
"YKL181W",134
"YKL182W",1606
"YKL183C-A",2
"YKL183W",27
"YKL184W",25
"YKL185W",32
"YKL186C",31
"YKL187C",12
"YKL188C",44
"YKL189W",25
"YKL190W",46
"YKL191W",36
"YKL192C",162
"YKL193C",93
"YKL194C",35
"YKL195W",110
"YKL196C",50
"YKL197C",77
"YKL198C",24
"YKL201C",334
"YKL202W",45
"YKL203C",204
"YKL204W",33
"YKL205W",35
"YKL206C",16
"YKL207W",71
"YKL208W",14
"YKL209C",26
"YKL210W",310
"YKL211C",41
"YKL212W",109
"YKL213C",117
"YKL214C",39
"YKL215C",96
"YKL216W",23
"YKL217W",47
"YKL218C",35
"YKL219W",11
"YKL220C",4
"YKL221W",17
"YKL222C",69
"YKL223W",0
"YKL224C",0
"YKL225W",0
"YKR001C",160
"YKR002W",78
"YKR003W",24
"YKR004C",16
"YKR005C",33
"YKR006C",56
"YKR007W",23
"YKR008W",59
"YKR009C",132
"YKR010C",26
"YKR011C",31
"YKR012C",1
"YKR013W",22
"YKR014C",50
"YKR015C",21
"YKR016W",111
"YKR017C",31
"YKR018C",262
"YKR019C",35
"YKR020W",19
"YKR021W",124
"YKR022C",27
"YKR023W",46
"YKR024C",28
"YKR025W",24
"YKR026C",16
"YKR027W",30
"YKR028W",102
"YKR029C",30
"YKR030W",10
"YKR031C",314
"YKR032W",1
"YKR033C",185
"YKR034W",411
"YKR035C",74
"YKR035W-A",60
"YKR036C",29
"YKR037C",26
"YKR038C",62
"YKR039W",1896
"YKR040C",0
"YKR041W",1
"YKR042W",186
"YKR043C",71
"YKR044W",36
"YKR045C",8
"YKR046C",723
"YKR047W",44
"YKR048C",122
"YKR049C",166
"YKR050W",15
"YKR051W",43
"YKR052C",23
"YKR053C",34
"YKR054C",317
"YKR055W",31
"YKR056W",47
"YKR057W",56
"YKR058W",56
"YKR059W",8
"YKR060W",20
"YKR061W",27
"YKR062W",72
"YKR063C",76
"YKR064W",67
"YKR065C",48
"YKR066C",232
"YKR067W",96
"YKR068C",45
"YKR069W",27
"YKR070W",36
"YKR071C",207
"YKR072C",85
"YKR073C",2
"YKR074W",24
"YKR075C",39
"YKR075W-A",15
"YKR076W",70
"YKR077W",16
"YKR078W",19
"YKR079C",17
"YKR080W",34
"YKR081C",24
"YKR082W",52
"YKR083C",3
"YKR084C",56
"YKR085C",28
"YKR086W",61
"YKR087C",38
"YKR088C",72
"YKR089C",124
"YKR090W",27
"YKR091W",13
"YKR092C",17
"YKR093W",720
"YKR094C",32
"YKR095W",184
"YKR095W-A",8
"YKR096W",171
"YKR097W",9
"YKR098C",40
"YKR099W",60
"YKR100C",118
"YKR101W",34
"YKR102W",40
"YKR103W",44
"YKR104W",10
"YKR105C",0
"YKR106W",0
"YLL001W",58
"YLL002W",5
"YLL003W",76
"YLL004W",9
"YLL005C",81
"YLL006W",29
"YLL006W-A",0
"YLL007C",29
"YLL008W",35
"YLL009C",47
"YLL010C",23
"YLL011W",12
"YLL012W",64
"YLL013C",122
"YLL014W",35
"YLL015W",179
"YLL016W",91
"YLL017W",6
"YLL018C",125
"YLL018C-A",16
"YLL019C",294
"YLL019W-A",14
"YLL020C",5
"YLL021W",81
"YLL022C",27
"YLL023C",85
"YLL024C",73
"YLL025W",5
"YLL026W",695
"YLL027W",130
"YLL028W",423
"YLL029W",208
"YLL030C",0
"YLL031C",87
"YLL032C",32
"YLL033W",9
"YLL034C",17
"YLL035W",15
"YLL036C",40
"YLL037W",6
"YLL038C",32
"YLL039C",733
"YLL040C",679
"YLL041C",368
"YLL042C",7
"YLL043W",44
"YLL044W",29
"YLL045C",90
"YLL046C",2
"YLL047W",4
"YLL048C",317
"YLL049W",24
"YLL050C",201
"YLL051C",46
"YLL052C",4
"YLL053C",5
"YLL054C",41
"YLL055W",233
"YLL056C",55
"YLL057C",6
"YLL058W",83
"YLL059C",13
"YLL060C",39
"YLL061W",32
"YLL062C",11
"YLL063C",0
"YLL064C",0
"YLL065W",0
"YLL066C",0
"YLL066W-A",0
"YLL066W-B",0
"YLL067C",0
"YLL067W-A",0
"YLR001C",134
"YLR002C",36
"YLR003C",24
"YLR004C",138
"YLR005W",184
"YLR006C",61
"YLR007W",87
"YLR008C",16
"YLR009W",22
"YLR010C",5
"YLR011W",11
"YLR012C",0
"YLR013W",0
"YLR014C",26
"YLR015W",36
"YLR016C",22
"YLR017W",40
"YLR018C",23
"YLR019W",79
"YLR020C",34
"YLR021W",17
"YLR022C",20
"YLR023C",171
"YLR024C",275
"YLR025W",88
"YLR026C",19
"YLR027C",109
"YLR028C",136
"YLR029C",176
"YLR030W",5
"YLR031W",3
"YLR032W",54
"YLR033W",49
"YLR034C",75
"YLR035C",59
"YLR035C-A",0
"YLR036C",7
"YLR037C",2
"YLR038C",206
"YLR039C",43
"YLR040C",12
"YLR041W",1
"YLR042C",3
"YLR043C",120
"YLR044C",1403
"YLR045C",14
"YLR046C",24
"YLR047C",29
"YLR048W",171
"YLR049C",37
"YLR050C",29
"YLR051C",17
"YLR052W",13
"YLR053C",94
"YLR054C",15
"YLR055C",25
"YLR056W",273
"YLR057W",42
"YLR058C",64
"YLR059C",26
"YLR060W",50
"YLR061W",77
"YLR062C",85
"YLR063W",4
"YLR064W",78
"YLR065C",14
"YLR066W",20
"YLR067C",35
"YLR068W",2
"YLR069C",83
"YLR070C",9
"YLR071C",59
"YLR072W",51
"YLR073C",8
"YLR074C",23
"YLR075W",487
"YLR076C",306
"YLR077W",70
"YLR078C",30
"YLR079W",25
"YLR080W",52
"YLR081W",3
"YLR082C",18
"YLR083C",65
"YLR084C",16
"YLR085C",18
"YLR086W",76
"YLR087C",305
"YLR088W",30
"YLR089C",58
"YLR090W",45
"YLR091W",15
"YLR092W",48
"YLR093C",47
"YLR094C",11
"YLR095C",37
"YLR096W",64
"YLR097C",88
"YLR098C",52
"YLR099C",14
"YLR099W-A",10
"YLR100W",86
"YLR101C",51
"YLR102C",22
"YLR103C",7
"YLR104W",20
"YLR105C",26
"YLR106C",341
"YLR107W",41
"YLR108C",59
"YLR109W",196
"YLR110C",4221
"YLR111W",0
"YLR112W",1
"YLR113W",63
"YLR114C",74
"YLR115W",36
"YLR116W",17
"YLR117C",41
"YLR118C",41
"YLR119W",33
"YLR120C",118
"YLR120W-A",2
"YLR121C",50
"YLR122C",0
"YLR123C",2
"YLR124W",8
"YLR125W",5
"YLR126C",16
"YLR127C",26
"YLR128W",12
"YLR129W",41
"YLR130C",37
"YLR131C",9
"YLR132C",5
"YLR133W",91
"YLR134W",508
"YLR135W",25
"YLR136C",17
"YLR137W",8
"YLR138W",164
"YLR139C",11
"YLR140W",2
"YLR141W",4
"YLR142W",2486
"YLR143W",24
"YLR144C",57
"YLR145W",13
"YLR146C",20
"YLR146W-A",5
"YLR147C",16
"YLR148W",49
"YLR149C",159
"YLR149C-A",1
"YLR150W",163
"YLR151C",12
"YLR152C",180
"YLR153C",412
"YLR154C",9
"YLR154C-G",0
"YLR154C-H",0
"YLR154W-A",0
"YLR154W-B",0
"YLR154W-C",0
"YLR154W-E",0
"YLR154W-F",0
"YLR155C",0
"YLR156C-A",0
"YLR156W",0
"YLR157C",0
"YLR157C-A",0
"YLR157C-B",0
"YLR157C-C",0
"YLR157W-D",0
"YLR157W-E",0
"YLR158C",0
"YLR159C-A",0
"YLR159W",0
"YLR160C",0
"YLR161W",0
"YLR162W",0
"YLR162W-A",0
"YLR163C",114
"YLR163W-A",6
"YLR164W",71
"YLR165C",13
"YLR166C",60
"YLR167W",270
"YLR168C",85
"YLR169W",26
"YLR170C",47
"YLR171W",30
"YLR172C",26
"YLR173W",38
"YLR174W",46
"YLR175W",34
"YLR176C",24
"YLR177W",136
"YLR178C",375
"YLR179C",81
"YLR180W",18
"YLR181C",33
"YLR182W",45
"YLR183C",0
"YLR184W",0
"YLR185W",101
"YLR186W",22
"YLR187W",43
"YLR188W",43
"YLR189C",277
"YLR190W",33
"YLR191W",34
"YLR192C",43
"YLR193C",21
"YLR194C",15
"YLR195C",54
"YLR196W",31
"YLR197W",34
"YLR198C",12
"YLR199C",29
"YLR200W",6
"YLR201C",63
"YLR202C",9
"YLR203C",96
"YLR204W",52
"YLR205C",22
"YLR206W",138
"YLR207W",58
"YLR208W",69
"YLR209C",23
"YLR210W",9
"YLR211C",13
"YLR212C",11
"YLR213C",7
"YLR214W",60
"YLR215C",45
"YLR216C",32
"YLR217W",9
"YLR218C",14
"YLR219W",65
"YLR220W",134
"YLR221C",12
"YLR222C",17
"YLR222C-A",1
"YLR223C",164
"YLR224W",64
"YLR225C",67
"YLR226W",31
"YLR227C",28
"YLR227W-A",0
"YLR227W-B",0
"YLR228C",30
"YLR229C",102
"YLR230W",52
"YLR231C",72
"YLR232W",12
"YLR233C",30
"YLR234W",8
"YLR235C",1
"YLR236C",3
"YLR237W",161
"YLR238W",16
"YLR239C",14
"YLR240W",78
"YLR241W",131
"YLR242C",16
"YLR243W",17
"YLR244C",131
"YLR245C",9
"YLR246W",75
"YLR247C",254
"YLR248W",334
"YLR249W",1889
"YLR250W",59
"YLR251W",27
"YLR252W",18
"YLR253W",80
"YLR254C",45
"YLR255C",6
"YLR256W",348
"YLR256W-A",0
"YLR257W",606
"YLR258W",217
"YLR259C",225
"YLR260W",52
"YLR261C",0
"YLR262C",6
"YLR262C-A",39
"YLR263W",21
"YLR264C-A",31
"YLR264W",17
"YLR265C",1
"YLR266C",28
"YLR267W",12
"YLR268W",38
"YLR269C",42
"YLR270W",173
"YLR271W",16
"YLR272C",17
"YLR273C",23
"YLR274W",46
"YLR275W",11
"YLR276C",26
"YLR277C",19
"YLR278C",202
"YLR279W",10
"YLR280C",1
"YLR281C",3
"YLR282C",5
"YLR283W",31
"YLR284C",22
"YLR285C-A",13
"YLR285W",31
"YLR286C",253
"YLR286W-A",19
"YLR287C",13
"YLR287C-A",82
"YLR288C",21
"YLR289W",44
"YLR290C",58
"YLR291C",16
"YLR292C",40
"YLR293C",37
"YLR294C",51
"YLR295C",97
"YLR296W",0
"YLR297W",106
"YLR298C",37
"YLR299C-A",10
"YLR299W",175
"YLR300W",603
"YLR301W",78
"YLR302C",2
"YLR303W",170
"YLR304C",782
"YLR305C",187
"YLR306W",13
"YLR307C-A",0
"YLR307W",0
"YLR308W",0
"YLR309C",96
"YLR310C",321
"YLR311C",32
"YLR312C",192
"YLR312W-A",27
"YLR313C",7
"YLR314C",41
"YLR315W",5
"YLR316C",22
"YLR317W",14
"YLR318W",6
"YLR319C",24
"YLR320W",107
"YLR321C",16
"YLR322W",4
"YLR323C",21
"YLR324W",21
"YLR325C",114
"YLR326W",24
"YLR327C",18
"YLR328W",13
"YLR329W",4
"YLR330W",99
"YLR331C",4
"YLR332W",31
"YLR333C",71
"YLR334C",2
"YLR335W",95
"YLR336C",74
"YLR337C",18
"YLR338W",1
"YLR339C",42
"YLR340W",126
"YLR341W",16
"YLR342W",1248
"YLR342W-A",12
"YLR343W",24
"YLR344W",66
"YLR345W",119
"YLR346C",6
"YLR347C",186
"YLR347W-A",7
"YLR348C",45
"YLR349W",16
"YLR350W",118
"YLR351C",66
"YLR352W",80
"YLR353W",44
"YLR354C",192
"YLR355C",213
"YLR356W",67
"YLR357W",64
"YLR358C",17
"YLR359W",142
"YLR360W",42
"YLR361C",49
"YLR361C-A",6
"YLR362W",41
"YLR363C",18
"YLR363W-A",12
"YLR364C-A",0
"YLR364W",2
"YLR365W",1
"YLR366W",2
"YLR367W",77
"YLR368W",40
"YLR369W",32
"YLR370C",60
"YLR371W",157
"YLR372W",19
"YLR373C",55
"YLR374C",15
"YLR375W",191
"YLR376C",9
"YLR377C",19
"YLR378C",48
"YLR379W",22
"YLR380W",17
"YLR381W",19
"YLR382C",66
"YLR383W",54
"YLR384C",191
"YLR385C",5
"YLR386W",68
"YLR387C",76
"YLR388W",27
"YLR389C",177
"YLR390W",16
"YLR390W-A",294
"YLR392C",46
"YLR393W",8
"YLR394W",31
"YLR395C",195
"YLR396C",56
"YLR397C",37
"YLR398C",95
"YLR399C",114
"YLR399W-A",3
"YLR400W",2
"YLR401C",8
"YLR402W",12
"YLR403W",226
"YLR404W",7
"YLR405W",18
"YLR406C",35
"YLR406C-A",0
"YLR407W",53
"YLR408C",6
"YLR409C",27
"YLR410W",149
"YLR410W-A",0
"YLR410W-B",0
"YLR411W",318
"YLR412C-A",0
"YLR412W",34
"YLR413W",22
"YLR414C",38
"YLR415C",0
"YLR416C",1
"YLR417W",42
"YLR418C",37
"YLR419W",73
"YLR420W",27
"YLR421C",79
"YLR422W",231
"YLR423C",26
"YLR424W",18
"YLR425W",79
"YLR426W",5
"YLR427W",67
"YLR428C",4
"YLR429W",53
"YLR430W",178
"YLR431C",16
"YLR432W",26
"YLR433C",33
"YLR434C",0
"YLR435W",10
"YLR436C",233
"YLR437C",17
"YLR437C-A",4
"YLR438C-A",19
"YLR438W",34
"YLR439W",17
"YLR440C",19
"YLR441C",266
"YLR442C",37
"YLR443W",23
"YLR444C",6
"YLR445W",12
"YLR446W",99
"YLR447C",409
"YLR448W",55
"YLR449W",19
"YLR450W",153
"YLR451W",48
"YLR452C",18
"YLR453C",20
"YLR454W",456
"YLR455W",26
"YLR456W",6
"YLR457C",18
"YLR458W",9
"YLR459W",29
"YLR460C",0
"YLR461W",0
"YLR462W",0
"YLR463C",0
"YLR464W",0
"YLR465C",0
"YLR466C-A",0
"YLR466C-B",0
"YLR466W",0
"YLR467C-A",0
"YLR467W",0
"YML001W",84
"YML002W",57
"YML003W",13
"YML004C",188
"YML005W",36
"YML006C",38
"YML007C-A",10
"YML007W",156
"YML008C",41
"YML009C",39
"YML009C-A",13
"YML009W-B",2
"YML010W",77
"YML011C",14
"YML012C-A",9
"YML012W",70
"YML013W",47
"YML014W",16
"YML015C",15
"YML016C",109
"YML017W",91
"YML018C",39
"YML019W",20
"YML020W",51
"YML021C",24
"YML022W",35
"YML023C",41
"YML024W",89
"YML025C",75
"YML026C",54
"YML027W",7
"YML028W",580
"YML029W",44
"YML030W",72
"YML031C-A",2
"YML031W",63
"YML032C",38
"YML034C-A",4
"YML034W",90
"YML035C",114
"YML036W",19
"YML037C",10
"YML038C",20
"YML039W",0
"YML040W",0
"YML041C",28
"YML042W",306
"YML043C",11
"YML045W",0
"YML045W-A",0
"YML046W",29
"YML047C",2
"YML047W-A",1
"YML048W",180
"YML049C",80
"YML050W",17
"YML051W",114
"YML052W",34
"YML053C",15
"YML054C",442
"YML054C-A",0
"YML055W",17
"YML056C",20
"YML057C-A",10
"YML057W",69
"YML058W",206
"YML058W-A",0
"YML059C",239
"YML060W",7
"YML061C",34
"YML062C",16
"YML063W",182
"YML064C",2
"YML065W",73
"YML066C",31
"YML067C",65
"YML068W",39
"YML069W",45
"YML070W",404
"YML071C",21
"YML072C",457
"YML073C",121
"YML074C",96
"YML075C",234
"YML076C",70
"YML077W",6
"YML078W",88
"YML079W",21
"YML080W",12
"YML081C-A",207
"YML081W",189
"YML082W",22
"YML083C",17
"YML084W",1
"YML085C",48
"YML086C",32
"YML087C",53
"YML088W",48
"YML089C",7
"YML090W",28
"YML091C",212
"YML092C",83
"YML093W",31
"YML094C-A",4
"YML094W",23
"YML095C",13
"YML096W",29
"YML097C",15
"YML098W",35
"YML099C",101
"YML099W-A",23
"YML100W",333
"YML100W-A",0
"YML101C",16
"YML101C-A",5
"YML102W",19
"YML103C",108
"YML104C",72
"YML105C",7
"YML106W",63
"YML107C",13
"YML108W",17
"YML109W",27
"YML110C",98
"YML111W",58
"YML112W",29
"YML113W",15
"YML114C",32
"YML115C",49
"YML116W",52
"YML116W-A",14
"YML117W",184
"YML118W",34
"YML119W",13
"YML120C",308
"YML121W",59
"YML122C",5
"YML123C",36
"YML124C",36
"YML125C",48
"YML126C",175
"YML127W",35
"YML128C",490
"YML129C",40
"YML130C",255
"YML131W",376
"YML132W",0
"YML133C",0
"YML133W-A",0
"YML133W-B",0
"YMR001C",12
"YMR001C-A",1
"YMR002W",78
"YMR003W",5
"YMR004W",47
"YMR005W",68
"YMR006C",66
"YMR007W",14
"YMR008C",133
"YMR009W",72
"YMR010W",30
"YMR011W",16
"YMR012W",197
"YMR013C",37
"YMR013C-A",0
"YMR013W-A",0
"YMR014W",32
"YMR015C",671
"YMR016C",30
"YMR017W",6
"YMR018W",4
"YMR019W",80
"YMR020W",127
"YMR021C",72
"YMR022W",68
"YMR023C",23
"YMR024W",55
"YMR025W",9
"YMR026C",45
"YMR027W",228
"YMR028W",27
"YMR029C",76
"YMR030W",32
"YMR030W-A",0
"YMR031C",130
"YMR031W-A",3
"YMR032W",3
"YMR033W",34
"YMR034C",29
"YMR035W",29
"YMR036C",34
"YMR037C",140
"YMR038C",45
"YMR039C",27
"YMR040W",10
"YMR041C",33
"YMR042W",7
"YMR043W",81
"YMR044W",58
"YMR045C",0
"YMR046C",0
"YMR046W-A",0
"YMR047C",62
"YMR048W",16
"YMR049C",25
"YMR050C",0
"YMR051C",0
"YMR052C-A",11
"YMR052W",10
"YMR053C",71
"YMR054W",166
"YMR055C",17
"YMR056C",28
"YMR057C",3
"YMR058W",29
"YMR059W",5
"YMR060C",23
"YMR061W",39
"YMR062C",41
"YMR063W",12
"YMR064W",76
"YMR065W",12
"YMR066W",49
"YMR067C",13
"YMR068W",21
"YMR069W",4
"YMR070W",62
"YMR071C",47
"YMR072W",94
"YMR073C",20
"YMR074C",47
"YMR075C-A",6
"YMR075W",55
"YMR076C",28
"YMR077C",22
"YMR078C",10
"YMR079W",34
"YMR080C",127
"YMR081C",126
"YMR082C",1
"YMR083W",283
"YMR084W",9
"YMR085W",11
"YMR086C-A",36
"YMR086W",163
"YMR087W",43
"YMR088C",634
"YMR089C",171
"YMR090W",603
"YMR091C",65
"YMR092C",86
"YMR093W",9
"YMR094W",6
"YMR095C",7
"YMR096W",24
"YMR097C",22
"YMR098C",37
"YMR099C",72
"YMR100W",95
"YMR101C",0
"YMR102C",136
"YMR103C",55
"YMR104C",75
"YMR105C",122
"YMR105W-A",4
"YMR106C",22
"YMR107W",8
"YMR108W",260
"YMR109W",74
"YMR110C",217
"YMR111C",19
"YMR112C",8
"YMR113W",19
"YMR114C",49
"YMR115W",39
"YMR116C",318
"YMR117C",5
"YMR118C",139
"YMR119W",67
"YMR119W-A",7
"YMR120C",122
"YMR121C",18
"YMR122C",2
"YMR122W-A",61
"YMR123W",10
"YMR124W",84
"YMR125W",85
"YMR126C",19
"YMR127C",26
"YMR128W",50
"YMR129W",128
"YMR130W",18
"YMR131C",36
"YMR132C",2
"YMR133W",10
"YMR134W",15
"YMR135C",69
"YMR135W-A",4
"YMR136W",24
"YMR137C",24
"YMR138W",6
"YMR139W",49
"YMR140W",65
"YMR141C",22
"YMR141W-A",4
"YMR142C",132
"YMR143W",101
"YMR144W",0
"YMR145C",57
"YMR146C",79
"YMR147W",12
"YMR148W",37
"YMR149W",80
"YMR150C",12
"YMR151W",2
"YMR152W",103
"YMR153C-A",12
"YMR153W",52
"YMR154C",24
"YMR155W",118
"YMR156C",17
"YMR157C",56
"YMR158C-A",1
"YMR158W",10
"YMR158W-B",3
"YMR159C",11
"YMR160W",66
"YMR161W",21
"YMR162C",159
"YMR163C",21
"YMR164C",41
"YMR165C",38
"YMR166C",11
"YMR167W",43
"YMR168C",32
"YMR169C",22
"YMR170C",78
"YMR171C",87
"YMR172C-A",9
"YMR172W",35
"YMR173W",172
"YMR173W-A",69
"YMR174C",106
"YMR175W",431
"YMR175W-A",84
"YMR176W",134
"YMR177W",19
"YMR178W",113
"YMR179W",22
"YMR180C",44
"YMR181C",220
"YMR182C",35
"YMR182W-A",6
"YMR183C",20
"YMR184W",21
"YMR185W",89
"YMR186W",419
"YMR187C",19
"YMR188C",51
"YMR189W",94
"YMR190C",102
"YMR191W",89
"YMR192W",30
"YMR193C-A",6
"YMR193W",49
"YMR194C-A",2
"YMR194C-B",17
"YMR194W",27
"YMR195W",120
"YMR196W",188
"YMR197C",23
"YMR198W",17
"YMR199W",13
"YMR200W",60
"YMR201C",38
"YMR202W",101
"YMR203W",70
"YMR204C",20
"YMR205C",523
"YMR206W",15
"YMR207C",193
"YMR208W",40
"YMR209C",22
"YMR210W",112
"YMR211W",11
"YMR212C",39
"YMR213W",38
"YMR214W",29
"YMR215W",27
"YMR216C",145
"YMR217W",79
"YMR218C",36
"YMR219W",164
"YMR220W",57
"YMR221C",164
"YMR222C",9
"YMR223W",20
"YMR224C",23
"YMR225C",30
"YMR226C",327
"YMR227C",32
"YMR228W",22
"YMR229C",84
"YMR230W",71
"YMR230W-A",1
"YMR231W",68
"YMR232W",8
"YMR233W",5
"YMR234W",21
"YMR235C",28
"YMR236W",20
"YMR237W",56
"YMR238W",56
"YMR239C",17
"YMR240C",21
"YMR241W",79
"YMR242C",63
"YMR242W-A",0
"YMR243C",133
"YMR244C-A",27
"YMR244W",14
"YMR245W",30
"YMR246W",170
"YMR247C",157
"YMR247W-A",1
"YMR250W",168
"YMR251W",14
"YMR251W-A",1901
"YMR252C",41
"YMR253C",80
"YMR254C",2
"YMR255W",60
"YMR256C",269
"YMR257C",97
"YMR258C",20
"YMR259C",60
"YMR260C",62
"YMR261C",152
"YMR262W",17
"YMR263W",9
"YMR264W",43
"YMR265C",28
"YMR266W",97
"YMR267W",10
"YMR268C",6
"YMR269W",8
"YMR270C",21
"YMR271C",149
"YMR272C",419
"YMR272W-A",22
"YMR272W-B",3
"YMR273C",64
"YMR274C",6
"YMR275C",59
"YMR276W",15
"YMR277W",37
"YMR278W",181
"YMR279C",48
"YMR280C",77
"YMR281W",29
"YMR282C",54
"YMR283C",25
"YMR284W",14
"YMR285C",44
"YMR286W",57
"YMR287C",65
"YMR288W",51
"YMR289W",19
"YMR290C",20
"YMR290W-A",1
"YMR291W",81
"YMR292W",44
"YMR293C",43
"YMR294W",25
"YMR294W-A",164
"YMR295C",240
"YMR296C",32
"YMR297W",779
"YMR298W",101
"YMR299C",26
"YMR300C",24
"YMR301C",27
"YMR302C",154
"YMR303C",12
"YMR304C-A",22
"YMR304W",366
"YMR305C",30
"YMR306C-A",11
"YMR306W",58
"YMR307C-A",28
"YMR307W",244
"YMR308C",98
"YMR309C",73
"YMR310C",22
"YMR311C",149
"YMR312W",31
"YMR313C",75
"YMR314W",87
"YMR315W",300
"YMR315W-A",2
"YMR316C-A",17
"YMR316C-B",32
"YMR316W",39
"YMR317W",93
"YMR318C",79
"YMR319C",215
"YMR320W",29
"YMR321C",0
"YMR322C",0
"YMR323W",0
"YMR324C",0
"YMR325W",0
"YMR326C",0
"YNL001W",24
"YNL002C",42
"YNL003C",25
"YNL004W",78
"YNL005C",96
"YNL006W",34
"YNL007C",214
"YNL008C",52
"YNL009W",41
"YNL010W",66
"YNL011C",51
"YNL012W",14
"YNL013C",8
"YNL014W",44
"YNL015W",284
"YNL016W",117
"YNL017C",1
"YNL018C",0
"YNL019C",0
"YNL020C",56
"YNL021W",50
"YNL022C",32
"YNL023C",97
"YNL024C",7
"YNL024C-A",38
"YNL025C",15
"YNL026W",30
"YNL027W",50
"YNL028W",1
"YNL029C",62
"YNL030W",19
"YNL031C",358
"YNL032W",23
"YNL033W",0
"YNL034W",0
"YNL035C",6
"YNL036W",33
"YNL037C",251
"YNL038W",21
"YNL039W",65
"YNL040W",14
"YNL041C",53
"YNL042W",29
"YNL042W-B",3
"YNL043C",32
"YNL044W",39
"YNL045W",49
"YNL046W",6
"YNL047C",17
"YNL048W",46
"YNL049C",62
"YNL050C",24
"YNL051W",13
"YNL052W",567
"YNL053W",36
"YNL054W",93
"YNL054W-A",0
"YNL054W-B",0
"YNL055C",570
"YNL056W",27
"YNL057W",11
"YNL058C",9
"YNL059C",54
"YNL061W",40
"YNL062C",10
"YNL063W",23
"YNL064C",229
"YNL065W",86
"YNL066W",36
"YNL067W",77
"YNL067W-A",1
"YNL067W-B",1
"YNL068C",54
"YNL069C",124
"YNL070W",38
"YNL071W",117
"YNL072W",6
"YNL073W",100
"YNL074C",195
"YNL075W",19
"YNL076W",53
"YNL077W",90
"YNL078W",21
"YNL079C",125
"YNL080C",52
"YNL081C",41
"YNL082W",27
"YNL083W",50
"YNL084C",57
"YNL085W",103
"YNL086W",8
"YNL087W",113
"YNL088W",128
"YNL089C",16
"YNL090W",11
"YNL091W",156
"YNL092W",30
"YNL093W",20
"YNL094W",55
"YNL095C",27
"YNL096C",70
"YNL097C",38
"YNL097C-B",2
"YNL097W-A",12
"YNL098C",76
"YNL099C",32
"YNL100W",96
"YNL101W",411
"YNL102W",62
"YNL103W",70
"YNL103W-A",15
"YNL104C",397
"YNL105W",3
"YNL106C",33
"YNL107W",28
"YNL108C",30
"YNL109W",23
"YNL110C",34
"YNL111C",61
"YNL112W",104
"YNL113W",20
"YNL114C",10
"YNL115C",200
"YNL116W",45
"YNL117W",166
"YNL118C",103
"YNL119W",27
"YNL120C",10
"YNL121C",212
"YNL122C",15
"YNL123W",119
"YNL124W",38
"YNL125C",184
"YNL126W",26
"YNL127W",57
"YNL128W",12
"YNL129W",58
"YNL130C",108
"YNL130C-A",5
"YNL131W",50
"YNL132W",34
"YNL133C",21
"YNL134C",255
"YNL135C",103
"YNL136W",27
"YNL137C",127
"YNL138W",90
"YNL138W-A",8
"YNL139C",136
"YNL140C",0
"YNL141W",346
"YNL142W",1804
"YNL143C",10
"YNL144C",139
"YNL144W-A",13
"YNL145W",6
"YNL146C-A",1
"YNL146W",9
"YNL147W",20
"YNL148C",6
"YNL149C",48
"YNL150W",41
"YNL151C",22
"YNL152W",21
"YNL153C",16
"YNL154C",69
"YNL155W",61
"YNL156C",152
"YNL157W",78
"YNL158W",8
"YNL159C",44
"YNL160W",4308
"YNL161W",47
"YNL162W",25
"YNL162W-A",3
"YNL163C",77
"YNL164C",16
"YNL165W",31
"YNL166C",16
"YNL167C",95
"YNL168C",55
"YNL169C",88
"YNL170W",32
"YNL171C",8
"YNL172W",96
"YNL173C",64
"YNL174W",7
"YNL175C",26
"YNL176C",182
"YNL177C",41
"YNL178W",217
"YNL179C",14
"YNL180C",102
"YNL181W",56
"YNL182C",16
"YNL183C",199
"YNL184C",3
"YNL185C",28
"YNL186W",172
"YNL187W",13
"YNL188W",13
"YNL189W",85
"YNL190W",125
"YNL191W",37
"YNL192W",118
"YNL193W",60
"YNL194C",71
"YNL195C",150
"YNL196C",4
"YNL197C",73
"YNL198C",3
"YNL199C",59
"YNL200C",218
"YNL201C",82
"YNL202W",19
"YNL203C",7
"YNL204C",11
"YNL205C",2
"YNL206C",40
"YNL207W",32
"YNL208W",294
"YNL209W",142
"YNL210W",0
"YNL211C",0
"YNL212W",124
"YNL213C",45
"YNL214W",23
"YNL215W",57
"YNL216W",37
"YNL217W",104
"YNL218W",34
"YNL219C",85
"YNL220W",155
"YNL221C",60
"YNL222W",13
"YNL223W",49
"YNL224C",27
"YNL225C",25
"YNL226W",3
"YNL227C",40
"YNL228W",19
"YNL229C",26
"YNL230C",25
"YNL231C",198
"YNL232W",53
"YNL233W",48
"YNL234W",153
"YNL235C",6
"YNL236W",39
"YNL237W",59
"YNL238W",73
"YNL239W",225
"YNL240C",27
"YNL241C",74
"YNL242W",141
"YNL243W",87
"YNL244C",144
"YNL245C",17
"YNL246W",27
"YNL247W",23
"YNL248C",19
"YNL249C",25
"YNL250W",40
"YNL251C",93
"YNL252C",25
"YNL253W",22
"YNL254C",48
"YNL255C",110
"YNL256W",43
"YNL257C",56
"YNL258C",64
"YNL259C",13
"YNL260C",10
"YNL261W",24
"YNL262W",108
"YNL263C",37
"YNL264C",53
"YNL265C",43
"YNL266W",16
"YNL267W",82
"YNL268W",140
"YNL269W",20
"YNL270C",19
"YNL271C",418
"YNL272C",39
"YNL273W",57
"YNL274C",233
"YNL275W",50
"YNL276C",27
"YNL277W",84
"YNL277W-A",4
"YNL278W",37
"YNL279W",4
"YNL280C",71
"YNL281W",50
"YNL282W",6
"YNL283C",21
"YNL284C",49
"YNL284C-A",0
"YNL284C-B",0
"YNL285W",0
"YNL286W",18
"YNL287W",115
"YNL288W",53
"YNL289W",5
"YNL290W",19
"YNL291C",29
"YNL292W",24
"YNL293W",26
"YNL294C",29
"YNL295W",43
"YNL296W",4
"YNL297C",144
"YNL298W",34
"YNL299W",32
"YNL300W",4
"YNL301C",26
"YNL302C",66
"YNL303W",6
"YNL304W",18
"YNL305C",109
"YNL306W",110
"YNL307C",102
"YNL308C",36
"YNL309W",5
"YNL310C",28
"YNL311C",56
"YNL312W",24
"YNL313C",40
"YNL314W",31
"YNL315C",91
"YNL316C",11
"YNL317W",23
"YNL318C",1
"YNL319W",2
"YNL320W",20
"YNL321W",80
"YNL322C",104
"YNL323W",70
"YNL324W",2
"YNL325C",19
"YNL326C",18
"YNL327W",21
"YNL328C",6
"YNL329C",102
"YNL330C",72
"YNL331C",12
"YNL332W",0
"YNL333W",0
"YNL334C",0
"YNL335W",0
"YNL336W",0
"YNL337W",0
"YNL338W",0
"YNL339C",0
"YNL339W-A",0
"YNL339W-B",0
"YNR001C",462
"YNR001W-A",0
"YNR002C",47
"YNR003C",21
"YNR003W-A",3
"YNR004W",9
"YNR005C",4
"YNR006W",46
"YNR007C",39
"YNR008W",28
"YNR009W",29
"YNR010W",7
"YNR011C",37
"YNR012W",77
"YNR013C",58
"YNR014W",26
"YNR015W",9
"YNR016C",776
"YNR017W",50
"YNR018W",149
"YNR019W",102
"YNR020C",23
"YNR021W",30
"YNR022C",17
"YNR023W",36
"YNR024W",15
"YNR025C",13
"YNR026C",23
"YNR027W",7
"YNR028W",22
"YNR029C",31
"YNR030W",52
"YNR031C",151
"YNR032C-A",33
"YNR032W",27
"YNR033W",42
"YNR034W",35
"YNR034W-A",94
"YNR035C",66
"YNR036C",134
"YNR037C",12
"YNR038W",36
"YNR039C",25
"YNR040W",11
"YNR041C",38
"YNR042W",14
"YNR043W",106
"YNR044W",20
"YNR045W",67
"YNR046W",20
"YNR047W",155
"YNR048W",27
"YNR049C",16
"YNR050C",45
"YNR051C",85
"YNR052C",55
"YNR053C",55
"YNR054C",15
"YNR055C",131
"YNR056C",18
"YNR057C",4
"YNR058W",6
"YNR059W",23
"YNR060W",1
"YNR061C",29
"YNR062C",9
"YNR063W",28
"YNR064C",12
"YNR065C",24
"YNR066C",24
"YNR067C",37
"YNR068C",36
"YNR069C",55
"YNR070W",28
"YNR071C",6
"YNR072W",4
"YNR073C",1
"YNR074C",0
"YNR075C-A",0
"YNR075W",0
"YNR076W",0
"YNR077C",0
"YOL001W",32
"YOL002C",250
"YOL003C",44
"YOL004W",139
"YOL005C",33
"YOL006C",90
"YOL007C",5
"YOL008W",3
"YOL009C",12
"YOL010W",19
"YOL011W",108
"YOL012C",32
"YOL013C",60
"YOL013W-A",0
"YOL013W-B",0
"YOL014W",8
"YOL015W",32
"YOL016C",69
"YOL017W",10
"YOL018C",25
"YOL019W",42
"YOL019W-A",0
"YOL020W",3
"YOL021C",58
"YOL022C",38
"YOL023W",45
"YOL024W",4
"YOL025W",47
"YOL026C",38
"YOL027C",94
"YOL028C",5
"YOL029C",18
"YOL030W",406
"YOL031C",18
"YOL032W",43
"YOL033W",13
"YOL034W",57
"YOL035C",31
"YOL036W",223
"YOL037C",54
"YOL038C-A",0
"YOL038W",78
"YOL039W",42
"YOL040C",191
"YOL041C",31
"YOL042W",37
"YOL043C",19
"YOL044W",31
"YOL045W",75
"YOL046C",7
"YOL047C",1
"YOL048C",25
"YOL049W",39
"YOL050C",35
"YOL051W",208
"YOL052C",19
"YOL052C-A",848
"YOL053W",12
"YOL054W",37
"YOL055C",109
"YOL056W",24
"YOL057W",59
"YOL058W",145
"YOL059W",137
"YOL060C",93
"YOL061W",101
"YOL062C",76
"YOL063C",55
"YOL064C",83
"YOL065C",29
"YOL066C",28
"YOL067C",17
"YOL068C",60
"YOL069W",31
"YOL070C",20
"YOL071W",68
"YOL072W",27
"YOL073C",18
"YOL075C",100
"YOL076W",26
"YOL077C",15
"YOL077W-A",111
"YOL078W",88
"YOL079W",4
"YOL080C",9
"YOL081W",621
"YOL082W",159
"YOL083C-A",7
"YOL083W",49
"YOL084W",54
"YOL085C",11
"YOL085W-A",6
"YOL086C",1327
"YOL086W-A",33
"YOL087C",150
"YOL088C",36
"YOL089C",74
"YOL090W",11
"YOL091W",2
"YOL092W",83
"YOL093W",5
"YOL094C",11
"YOL095C",17
"YOL096C",59
"YOL097C",49
"YOL097W-A",0
"YOL098C",66
"YOL099C",29
"YOL100W",134
"YOL101C",6
"YOL102C",20
"YOL103W",56
"YOL103W-A",0
"YOL103W-B",0
"YOL104C",5
"YOL105C",36
"YOL106W",3
"YOL107W",17
"YOL108C",36
"YOL109W",160
"YOL110W",1
"YOL111C",28
"YOL112W",45
"YOL113W",80
"YOL114C",9
"YOL115W",56
"YOL116W",43
"YOL117W",39
"YOL118C",7
"YOL119C",116
"YOL120C",68
"YOL121C",36
"YOL122C",66
"YOL123W",114
"YOL124C",5
"YOL125W",23
"YOL126C",267
"YOL127W",289
"YOL128C",349
"YOL129W",138
"YOL130W",104
"YOL131W",12
"YOL132W",47
"YOL133W",29
"YOL134C",13
"YOL135C",16
"YOL136C",191
"YOL137W",49
"YOL138C",185
"YOL139C",80
"YOL140W",52
"YOL141W",25
"YOL142W",31
"YOL143C",76
"YOL144W",21
"YOL145C",72
"YOL146W",12
"YOL147C",108
"YOL148C",35
"YOL149W",10
"YOL150C",99
"YOL151W",296
"YOL152W",64
"YOL154W",16
"YOL155C",211
"YOL155W-A",0
"YOL156W",0
"YOL157C",0
"YOL158C",0
"YOL159C",0
"YOL159C-A",0
"YOL160W",0
"YOL161C",0
"YOL162W",0
"YOL163W",0
"YOL164W",0
"YOL164W-A",0
"YOL165C",0
"YOL166C",0
"YOL166W-A",0
"YOR001W",50
"YOR002W",136
"YOR003W",175
"YOR004W",16
"YOR005C",82
"YOR006C",87
"YOR007C",278
"YOR008C",88
"YOR008C-A",2
"YOR008W-B",1
"YOR009W",16
"YOR010C",39
"YOR011W",50
"YOR011W-A",1
"YOR012W",3
"YOR013W",4
"YOR014W",190
"YOR015W",33
"YOR016C",46
"YOR017W",35
"YOR018W",48
"YOR019W",41
"YOR020C",103
"YOR020W-A",96
"YOR021C",57
"YOR022C",31
"YOR023C",60
"YOR024W",0
"YOR025W",5
"YOR026W",20
"YOR027W",143
"YOR028C",30
"YOR029W",0
"YOR030W",119
"YOR032C",136
"YOR032W-A",19
"YOR033C",80
"YOR034C",85
"YOR034C-A",10
"YOR035C",94
"YOR036W",123
"YOR037W",29
"YOR038C",29
"YOR039W",81
"YOR040W",66
"YOR041C",18
"YOR042W",34
"YOR043W",78
"YOR044W",120
"YOR045W",63
"YOR046C",40
"YOR047C",119
"YOR048C",156
"YOR049C",74
"YOR050C",1
"YOR051C",138
"YOR052C",289
"YOR053W",26
"YOR054C",130
"YOR055W",15
"YOR056C",56
"YOR057W",73
"YOR058C",67
"YOR059C",91
"YOR060C",10
"YOR061W",48
"YOR062C",55
"YOR063W",180
"YOR064C",41
"YOR065W",127
"YOR066W",71
"YOR067C",81
"YOR068C",5
"YOR069W",26
"YOR070C",54
"YOR071C",28
"YOR072W",3
"YOR072W-A",0
"YOR072W-B",0
"YOR073W",10
"YOR073W-A",6
"YOR074C",8
"YOR075W",17
"YOR076C",48
"YOR077W",3
"YOR078W",12
"YOR079C",13
"YOR080W",21
"YOR081C",63
"YOR082C",3
"YOR083W",9
"YOR084W",13
"YOR085W",130
"YOR086C",417
"YOR087W",32
"YOR089C",134
"YOR090C",73
"YOR091W",35
"YOR092W",372
"YOR093C",70
"YOR094W",19
"YOR095C",11
"YOR096W",78
"YOR097C",35
"YOR098C",107
"YOR099W",203
"YOR100C",51
"YOR101W",6
"YOR102W",37
"YOR103C",45
"YOR104W",4
"YOR105W",0
"YOR106W",23
"YOR107W",81
"YOR108C-A",5
"YOR108W",11
"YOR109W",85
"YOR110W",22
"YOR111W",18
"YOR112W",33
"YOR113W",104
"YOR114W",14
"YOR115C",29
"YOR116C",177
"YOR117W",138
"YOR118W",71
"YOR119C",44
"YOR120W",253
"YOR121C",80
"YOR122C",220
"YOR123C",70
"YOR124C",198
"YOR125C",52
"YOR126C",16
"YOR127W",71
"YOR128C",51
"YOR129C",34
"YOR130C",22
"YOR131C",13
"YOR132W",55
"YOR133W",33
"YOR134W",5
"YOR135C",66
"YOR136W",311
"YOR137C",76
"YOR138C",68
"YOR139C",8
"YOR140W",67
"YOR141C",77
"YOR142W",188
"YOR142W-A",0
"YOR142W-B",0
"YOR143C",17
"YOR144C",13
"YOR145C",64
"YOR146W",22
"YOR147W",73
"YOR148C",115
"YOR149C",33
"YOR150W",59
"YOR151C",151
"YOR152C",44
"YOR153W",278
"YOR154W",60
"YOR155C",39
"YOR156C",21
"YOR157C",62
"YOR158W",41
"YOR159C",17
"YOR160W",64
"YOR161C",157
"YOR161C-C",0
"YOR161W-A",14
"YOR161W-B",19
"YOR162C",37
"YOR163W",35
"YOR164C",33
"YOR165W",79
"YOR166C",16
"YOR167C",91
"YOR168W",75
"YOR169C",26
"YOR170W",31
"YOR171C",127
"YOR172W",56
"YOR173W",204
"YOR174W",15
"YOR175C",114
"YOR176W",100
"YOR177C",5
"YOR178C",484
"YOR179C",25
"YOR180C",4
"YOR181W",17
"YOR182C",115
"YOR183W",0
"YOR184W",61
"YOR185C",70
"YOR186C-A",17
"YOR186W",43
"YOR187W",272
"YOR188W",51
"YOR189W",12
"YOR190W",19
"YOR191W",223
"YOR192C",12
"YOR192C-A",0
"YOR192C-B",0
"YOR192C-C",0
"YOR193W",43
"YOR194C",69
"YOR195W",24
"YOR196C",90
"YOR197W",55
"YOR198C",59
"YOR199W",3
"YOR200W",9
"YOR201C",26
"YOR202W",40
"YOR203W",0
"YOR204W",255
"YOR205C",27
"YOR206W",49
"YOR207C",85
"YOR208W",63
"YOR209C",61
"YOR210W",19
"YOR211C",65
"YOR212W",23
"YOR213C",37
"YOR214C",6
"YOR215C",117
"YOR216C",13
"YOR217W",41
"YOR218C",9
"YOR219C",113
"YOR220W",68
"YOR221C",33
"YOR222W",34
"YOR223W",51
"YOR224C",32
"YOR225W",17
"YOR226C",25
"YOR227W",249
"YOR228C",26
"YOR229W",47
"YOR230W",230
"YOR231C-A",3
"YOR231W",35
"YOR232W",87
"YOR233W",66
"YOR234C",54
"YOR235W",6
"YOR236W",41
"YOR237W",8
"YOR238W",13
"YOR239W",60
"YOR241W",37
"YOR242C",8
"YOR243C",41
"YOR244W",32
"YOR245C",164
"YOR246C",41
"YOR247W",4
"YOR248W",0
"YOR249C",16
"YOR250C",16
"YOR251C",30
"YOR252W",23
"YOR253W",15
"YOR254C",51
"YOR255W",0
"YOR256C",89
"YOR257W",26
"YOR258W",13
"YOR259C",114
"YOR260W",43
"YOR261C",172
"YOR262W",77
"YOR263C",2
"YOR264W",14
"YOR265W",18
"YOR266W",13
"YOR267C",325
"YOR268C",1
"YOR269W",24
"YOR270C",544
"YOR271C",40
"YOR272W",17
"YOR273C",682
"YOR274W",131
"YOR275C",82
"YOR276W",57
"YOR277C",43
"YOR278W",19
"YOR279C",13
"YOR280C",17
"YOR281C",29
"YOR282W",4
"YOR283W",80
"YOR284W",6
"YOR285W",167
"YOR286W",57
"YOR287C",9
"YOR288C",11
"YOR289W",95
"YOR290C",158
"YOR291W",118
"YOR292C",40
"YOR293C-A",1
"YOR293W",66
"YOR294W",34
"YOR295W",14
"YOR296W",45
"YOR297C",11
"YOR298C-A",492
"YOR298W",18
"YOR299W",50
"YOR300W",0
"YOR301W",7
"YOR302W",78
"YOR303W",725
"YOR304C-A",7
"YOR304W",109
"YOR305W",17
"YOR306C",160
"YOR307C",73
"YOR308C",33
"YOR309C",0
"YOR310C",13
"YOR311C",86
"YOR312C",93
"YOR313C",2
"YOR314W",0
"YOR314W-A",0
"YOR315W",3
"YOR316C",38
"YOR316C-A",0
"YOR317W",453
"YOR318C",2
"YOR319W",44
"YOR320C",84
"YOR321W",60
"YOR322C",60
"YOR323C",67
"YOR324C",47
"YOR325W",18
"YOR326W",187
"YOR327C",34
"YOR328W",53
"YOR329C",39
"YOR329W-A",2
"YOR330C",160
"YOR331C",138
"YOR332W",272
"YOR333C",4
"YOR334W",27
"YOR335C",196
"YOR335W-A",17
"YOR336W",152
"YOR337W",177
"YOR338W",91
"YOR339C",6
"YOR340C",8
"YOR341W",137
"YOR342C",13
"YOR343C",0
"YOR343W-A",0
"YOR343W-B",0
"YOR344C",373
"YOR345C",0
"YOR346W",38
"YOR347C",37
"YOR348C",1143
"YOR349W",102
"YOR350C",88
"YOR351C",8
"YOR352W",24
"YOR353C",44
"YOR354C",100
"YOR355W",136
"YOR356W",30
"YOR357C",18
"YOR358W",13
"YOR359W",8
"YOR360C",118
"YOR361C",47
"YOR362C",115
"YOR363C",70
"YOR364W",7
"YOR365C",22
"YOR366W",2
"YOR367W",16
"YOR368W",14
"YOR369C",292
"YOR370C",100
"YOR371C",62
"YOR372C",21
"YOR373W",34
"YOR374W",180
"YOR375C",241
"YOR376W",1
"YOR376W-A",4
"YOR377W",80
"YOR378W",17
"YOR379C",3
"YOR380W",40
"YOR381W",42
"YOR381W-A",2
"YOR382W",6
"YOR383C",11
"YOR384W",48
"YOR385W",36
"YOR386W",50
"YOR387C",5
"YOR388C",0
"YOR389W",8
"YOR390W",11
"YOR391C",0
"YOR392W",0
"YOR393W",0
"YOR394C-A",0
"YOR394W",0
"YOR396C-A",0
"YOR396W",0
"YPL001W",16
"YPL002C",83
"YPL003W",59
"YPL004C",330
"YPL005W",54
"YPL006W",294
"YPL007C",8
"YPL008W",32
"YPL009C",84
"YPL010W",40
"YPL011C",23
"YPL012W",73
"YPL013C",43
"YPL014W",51
"YPL015C",40
"YPL016W",123
"YPL017C",49
"YPL018W",59
"YPL019C",92
"YPL020C",34
"YPL021W",4
"YPL022W",104
"YPL023C",46
"YPL024W",60
"YPL025C",3
"YPL026C",320
"YPL027W",5
"YPL028W",190
"YPL029W",52
"YPL030W",20
"YPL031C",99
"YPL032C",150
"YPL033C",0
"YPL034W",12
"YPL035C",6
"YPL036W",16
"YPL037C",60
"YPL038W",3
"YPL038W-A",1
"YPL039W",23
"YPL040C",64
"YPL041C",19
"YPL042C",55
"YPL043W",48
"YPL044C",13
"YPL045W",58
"YPL046C",13
"YPL047W",31
"YPL048W",89
"YPL049C",24
"YPL050C",55
"YPL051W",13
"YPL052W",40
"YPL053C",70
"YPL054W",66
"YPL055C",20
"YPL056C",9
"YPL057C",169
"YPL058C",1263
"YPL059W",49
"YPL060C-A",0
"YPL060W",16
"YPL061W",145
"YPL062W",0
"YPL063W",59
"YPL064C",38
"YPL065W",15
"YPL066W",41
"YPL067C",6
"YPL068C",8
"YPL069C",20
"YPL070W",39
"YPL071C",35
"YPL072W",23
"YPL073C",6
"YPL074W",73
"YPL075W",169
"YPL076W",28
"YPL077C",6
"YPL078C",403
"YPL079W",43
"YPL080C",7
"YPL081W",55
"YPL082C",217
"YPL083C",19
"YPL084W",68
"YPL085W",193
"YPL086C",44
"YPL087W",327
"YPL088W",101
"YPL089C",37
"YPL090C",7
"YPL091W",338
"YPL092W",98
"YPL093W",67
"YPL094C",78
"YPL095C",637
"YPL096C-A",16
"YPL096W",56
"YPL097W",31
"YPL098C",11
"YPL099C",15
"YPL100W",49
"YPL101W",39
"YPL102C",2
"YPL103C",22
"YPL104W",31
"YPL105C",67
"YPL106C",203
"YPL107W",51
"YPL108W",4
"YPL109C",62
"YPL110C",101
"YPL111W",24
"YPL112C",42
"YPL113C",19
"YPL114W",5
"YPL115C",116
"YPL116W",46
"YPL117C",99
"YPL118W",50
"YPL119C",44
"YPL119C-A",15
"YPL120W",22
"YPL121C",0
"YPL122C",38
"YPL123C",145
"YPL124W",4
"YPL125W",69
"YPL126W",82
"YPL127C",47
"YPL128C",46
"YPL129W",28
"YPL130W",0
"YPL131W",308
"YPL132W",27
"YPL133C",38
"YPL134C",100
"YPL135C-A",52
"YPL135W",178
"YPL136W",24
"YPL137C",327
"YPL138C",37
"YPL139C",59
"YPL140C",65
"YPL141C",20
"YPL142C",184
"YPL143W",152
"YPL144W",12
"YPL145C",117
"YPL146C",23
"YPL147W",50
"YPL148C",4
"YPL149W",45
"YPL150W",83
"YPL151C",47
"YPL152W",82
"YPL152W-A",0
"YPL153C",23
"YPL154C",653
"YPL155C",35
"YPL156C",56
"YPL157W",15
"YPL158C",16
"YPL159C",121
"YPL160W",185
"YPL161C",15
"YPL162C",19
"YPL163C",10
"YPL164C",33
"YPL165C",73
"YPL166W",38
"YPL167C",84
"YPL168W",44
"YPL169C",41
"YPL170W",30
"YPL171C",109
"YPL172C",30
"YPL173W",34
"YPL174C",31
"YPL175W",26
"YPL176C",71
"YPL177C",30
"YPL178W",31
"YPL179W",363
"YPL180W",51
"YPL181W",78
"YPL182C",18
"YPL183C",71
"YPL183W-A",44
"YPL184C",84
"YPL185W",17
"YPL186C",180
"YPL187W",4
"YPL188W",32
"YPL189C-A",54
"YPL189W",14
"YPL190C",94
"YPL191C",15
"YPL192C",16
"YPL193W",15
"YPL194W",11
"YPL195W",65
"YPL196W",42
"YPL197C",13
"YPL198W",9
"YPL199C",20
"YPL200W",3
"YPL201C",2
"YPL202C",28
"YPL203W",105
"YPL204W",82
"YPL205C",25
"YPL206C",232
"YPL207W",156
"YPL208W",31
"YPL209C",2
"YPL210C",53
"YPL211W",19
"YPL212C",44
"YPL213W",45
"YPL214C",61
"YPL215W",58
"YPL216W",56
"YPL217C",142
"YPL218W",149
"YPL219W",82
"YPL220W",7
"YPL221W",344
"YPL222C-A",36
"YPL222W",196
"YPL223C",229
"YPL224C",42
"YPL225W",99
"YPL226W",248
"YPL227C",3
"YPL228W",19
"YPL229W",75
"YPL230W",80
"YPL231W",989
"YPL232W",77
"YPL233W",15
"YPL234C",186
"YPL235W",41
"YPL236C",46
"YPL237W",185
"YPL238C",93
"YPL239W",19
"YPL240C",265
"YPL241C",7
"YPL242C",38
"YPL243W",39
"YPL244C",12
"YPL245W",20
"YPL246C",21
"YPL247C",31
"YPL248C",47
"YPL249C",61
"YPL249C-A",101
"YPL250C",22
"YPL250W-A",83
"YPL251W",2
"YPL252C",15
"YPL253C",16
"YPL254W",22
"YPL255W",5
"YPL256C",6
"YPL257W",0
"YPL257W-A",0
"YPL257W-B",0
"YPL258C",12
"YPL259C",25
"YPL260W",181
"YPL261C",7
"YPL262W",97
"YPL263C",40
"YPL264C",30
"YPL265W",146
"YPL266W",55
"YPL267W",14
"YPL268W",74
"YPL269W",28
"YPL270W",98
"YPL271W",324
"YPL272C",47
"YPL273W",21
"YPL274W",151
"YPL275W",0
"YPL276W",0
"YPL277C",36
"YPL278C",0
"YPL279C",0
"YPL280W",0
"YPL281C",0
"YPL282C",0
"YPL283C",0
"YPL283W-A",0
"YPL283W-B",0
"YPR001W",7
"YPR002C-A",0
"YPR002W",4
"YPR003C",56
"YPR004C",103
"YPR005C",23
"YPR006C",22
"YPR007C",6
"YPR008W",170
"YPR009W",13
"YPR010C",117
"YPR010C-A",417
"YPR011C",20
"YPR012W",8
"YPR013C",38
"YPR014C",9
"YPR015C",14
"YPR016C",89
"YPR016W-A",16
"YPR017C",12
"YPR018W",26
"YPR019W",58
"YPR020W",126
"YPR021C",67
"YPR022C",124
"YPR023C",89
"YPR024W",131
"YPR025C",35
"YPR026W",142
"YPR027C",3
"YPR028W",157
"YPR029C",80
"YPR030W",87
"YPR031W",36
"YPR032W",49
"YPR033C",72
"YPR034W",29
"YPR035W",1039
"YPR036W",201
"YPR036W-A",114
"YPR037C",35
"YPR038W",6
"YPR039W",0
"YPR040W",33
"YPR041W",26
"YPR042C",150
"YPR043W",126
"YPR044C",127
"YPR045C",56
"YPR046W",4
"YPR047W",33
"YPR048W",20
"YPR049C",136
"YPR050C",8
"YPR051W",18
"YPR052C",24
"YPR053C",2
"YPR054W",7
"YPR055W",50
"YPR056W",28
"YPR057W",33
"YPR058W",65
"YPR059C",26
"YPR060C",22
"YPR061C",89
"YPR062W",156
"YPR063C",44
"YPR064W",1
"YPR065W",270
"YPR066W",9
"YPR067W",36
"YPR068C",11
"YPR069C",98
"YPR070W",28
"YPR071W",6
"YPR072W",50
"YPR073C",25
"YPR074C",102
"YPR074W-A",0
"YPR075C",91
"YPR076W",18
"YPR077C",0
"YPR078C",0
"YPR079W",21
"YPR080W",82
"YPR081C",43
"YPR082C",30
"YPR083W",51
"YPR084W",24
"YPR085C",28
"YPR086W",111
"YPR087W",37
"YPR088C",109
"YPR089W",71
"YPR091C",74
"YPR092W",4
"YPR093C",18
"YPR094W",11
"YPR095C",100
"YPR096C",2
"YPR097W",73
"YPR098C",171
"YPR099C",63
"YPR100W",85
"YPR101W",20
"YPR102C",22
"YPR103W",116
"YPR104C",71
"YPR105C",30
"YPR106W",34
"YPR107C",21
"YPR108W",113
"YPR108W-A",0
"YPR109W",48
"YPR110C",29
"YPR111W",33
"YPR112C",44
"YPR113W",141
"YPR114W",37
"YPR115W",278
"YPR116W",17
"YPR117W",246
"YPR118W",29
"YPR119W",2
"YPR120C",11
"YPR121W",26
"YPR122W",73
"YPR123C",64
"YPR124W",158
"YPR125W",46
"YPR126C",12
"YPR127W",83
"YPR128C",73
"YPR129W",39
"YPR130C",21
"YPR131C",15
"YPR132W",86
"YPR133C",45
"YPR133W-A",37
"YPR134W",21
"YPR135W",55
"YPR136C",2
"YPR137C-A",0
"YPR137C-B",0
"YPR137W",23
"YPR138C",151
"YPR139C",39
"YPR140W",38
"YPR141C",36
"YPR142C",17
"YPR143W",29
"YPR144C",32
"YPR145C-A",0
"YPR145W",116
"YPR146C",5
"YPR147C",36
"YPR148C",94
"YPR149W",545
"YPR150W",43
"YPR151C",56
"YPR152C",17
"YPR153W",7
"YPR154W",72
"YPR155C",38
"YPR156C",115
"YPR157W",30
"YPR158C-C",0
"YPR158C-D",0
"YPR158W",101
"YPR158W-A",0
"YPR158W-B",0
"YPR159C-A",0
"YPR159W",128
"YPR160C-A",79
"YPR160W",954
"YPR160W-A",0
"YPR161C",35
"YPR162C",38
"YPR163C",108
"YPR164W",72
"YPR165W",234
"YPR166C",42
"YPR167C",19
"YPR168W",6
"YPR169W",43
"YPR169W-A",0
"YPR170C",26
"YPR170W-A",0
"YPR170W-B",10
"YPR171W",18
"YPR172W",30
"YPR173C",79
"YPR174C",5
"YPR175W",10
"YPR176C",44
"YPR177C",5
"YPR178W",15
"YPR179C",20
"YPR180W",30
"YPR181C",158
"YPR182W",27
"YPR183W",37
"YPR184W",294
"YPR185W",55
"YPR186C",10
"YPR187W",35
"YPR188C",15
"YPR189W",71
"YPR190C",33
"YPR191W",393
"YPR192W",2
"YPR193C",20
"YPR194C",3509
"YPR195C",4
"YPR196W",18
"YPR197C",7
"YPR198W",31
"YPR199C",56
"YPR200C",9
"YPR201W",11
"YPR202W",0
"YPR203W",0
"YPR204C-A",0
"YPR204W",0
"ZOD1",0
"snR10",3
"snR11",556
"snR128",156
"snR13",45
"snR14",70
"snR161",107
"snR17a",890
"snR17b",172
"snR18",19
"snR189",501
"snR19",1501
"snR190",75
"snR191",38
"snR24",8
"snR3",224
"snR30",280
"snR31",243
"snR32",218
"snR33",114
"snR34",445
"snR35",555
"snR36",78
"snR37",1383
"snR38",1
"snR39",5
"snR39B",14
"snR4",235
"snR40",225
"snR41",29
"snR42",125
"snR43",46
"snR44",45
"snR45",1107
"snR46",486
"snR47",74
"snR48",3
"snR49",122
"snR5",414
"snR50",8
"snR51",18
"snR52",4
"snR53",0
"snR54",0
"snR55",4
"snR56",4
"snR57",1
"snR58",0
"snR59",0
"snR6",33
"snR60",2
"snR61",1
"snR62",3
"snR63",90
"snR64",11
"snR65",1
"snR66",15
"snR67",14
"snR68",51
"snR69",52
"snR7-L",0
"snR7-S",0
"snR70",56
"snR71",1
"snR72",7
"snR73",0
"snR74",3
"snR75",5
"snR76",11
"snR77",23
"snR78",2
"snR79",2
"snR8",321
"snR80",146
"snR81",89
"snR82",714
"snR83",561
"snR84",164
"snR85",80
"snR86",1413
"snR87",2
"snR9",1326
"tA(AGC)D",0
"tA(AGC)F",0
"tA(AGC)G",0
"tA(AGC)H",0
"tA(AGC)J",0
"tA(AGC)K1",0
"tA(AGC)K2",0
"tA(AGC)L",0
"tA(AGC)M1",0
"tA(AGC)M2",0
"tA(AGC)P",0
"tA(UGC)A",0
"tA(UGC)E",0
"tA(UGC)G",0
"tA(UGC)L",0
"tA(UGC)O",4
"tA(UGC)Q",0
"tC(GCA)B",0
"tC(GCA)G",0
"tC(GCA)P1",0
"tC(GCA)P2",0
"tC(GCA)Q",0
"tD(GUC)B",0
"tD(GUC)D",0
"tD(GUC)G1",0
"tD(GUC)G2",0
"tD(GUC)I1",0
"tD(GUC)I2",0
"tD(GUC)J1",0
"tD(GUC)J2",0
"tD(GUC)J3",0
"tD(GUC)J4",0
"tD(GUC)K",0
"tD(GUC)L1",0
"tD(GUC)L2",0
"tD(GUC)M",0
"tD(GUC)N",0
"tD(GUC)O",0
"tD(GUC)Q",3
"tE(CUC)D",0
"tE(CUC)I",0
"tE(UUC)B",0
"tE(UUC)C",0
"tE(UUC)E1",0
"tE(UUC)E2",0
"tE(UUC)E3",0
"tE(UUC)G1",2
"tE(UUC)G2",0
"tE(UUC)G3",0
"tE(UUC)I",0
"tE(UUC)J",0
"tE(UUC)K",0
"tE(UUC)L",0
"tE(UUC)M",0
"tE(UUC)P",0
"tE(UUC)Q",1
"tF(GAA)B",0
"tF(GAA)D",0
"tF(GAA)F",0
"tF(GAA)G",0
"tF(GAA)H1",1
"tF(GAA)H2",0
"tF(GAA)M",0
"tF(GAA)N",0
"tF(GAA)P1",0
"tF(GAA)P2",0
"tF(GAA)Q",0
"tG(CCC)D",1
"tG(CCC)O",14
"tG(GCC)B",0
"tG(GCC)C",0
"tG(GCC)D1",0
"tG(GCC)D2",0
"tG(GCC)E",0
"tG(GCC)F1",0
"tG(GCC)F2",0
"tG(GCC)G1",0
"tG(GCC)G2",0
"tG(GCC)J1",0
"tG(GCC)J2",0
"tG(GCC)M",0
"tG(GCC)O1",0
"tG(GCC)O2",1
"tG(GCC)P1",0
"tG(GCC)P2",0
"tG(UCC)G",0
"tG(UCC)N",0
"tG(UCC)O",0
"tG(UCC)Q",0
"tH(GUG)E1",2
"tH(GUG)E2",0
"tH(GUG)G1",0
"tH(GUG)G2",0
"tH(GUG)H",0
"tH(GUG)K",0
"tH(GUG)M",0
"tH(GUG)Q",0
"tI(AAU)B",0
"tI(AAU)D",1
"tI(AAU)E1",0
"tI(AAU)E2",0
"tI(AAU)G",0
"tI(AAU)I1",0
"tI(AAU)I2",0
"tI(AAU)L1",0
"tI(AAU)L2",0
"tI(AAU)N1",0
"tI(AAU)N2",0
"tI(AAU)P1",0
"tI(AAU)P2",0
"tI(GAU)Q",0
"tI(UAU)D",0
"tI(UAU)L",0
"tK(CUU)C",0
"tK(CUU)D1",0
"tK(CUU)D2",0
"tK(CUU)E1",0
"tK(CUU)E2",0
"tK(CUU)F",0
"tK(CUU)G1",0
"tK(CUU)G2",0
"tK(CUU)G3",0
"tK(CUU)I",0
"tK(CUU)J",0
"tK(CUU)K",0
"tK(CUU)M",0
"tK(CUU)P",1
"tK(UUU)D",1
"tK(UUU)G1",0
"tK(UUU)G2",0
"tK(UUU)K",7
"tK(UUU)L",0
"tK(UUU)O",1
"tK(UUU)P",0
"tK(UUU)Q",1
"tL(CAA)A",0
"tL(CAA)C",0
"tL(CAA)D",0
"tL(CAA)G1",0
"tL(CAA)G2",0
"tL(CAA)G3",0
"tL(CAA)K",0
"tL(CAA)L",0
"tL(CAA)M",0
"tL(CAA)N",0
"tL(GAG)G",0
"tL(UAA)B1",0
"tL(UAA)B2",0
"tL(UAA)D",0
"tL(UAA)J",0
"tL(UAA)K",0
"tL(UAA)L",0
"tL(UAA)N",0
"tL(UAA)Q",0
"tL(UAG)J",0
"tL(UAG)L1",0
"tL(UAG)L2",0
"tM(CAU)C",0
"tM(CAU)D",0
"tM(CAU)E",0
"tM(CAU)J1",0
"tM(CAU)J2",0
"tM(CAU)J3",0
"tM(CAU)M",0
"tM(CAU)O1",0
"tM(CAU)O2",1
"tM(CAU)P",0
"tM(CAU)Q1",1
"tM(CAU)Q2",0
"tN(GUU)C",0
"tN(GUU)F",0
"tN(GUU)G",0
"tN(GUU)K",0
"tN(GUU)L",0
"tN(GUU)N1",0
"tN(GUU)N2",0
"tN(GUU)O1",0
"tN(GUU)O2",0
"tN(GUU)P",0
"tN(GUU)Q",0
"tP(AGG)C",0
"tP(AGG)N",0
"tP(UGG)A",0
"tP(UGG)F",0
"tP(UGG)H",0
"tP(UGG)L",0
"tP(UGG)M",0
"tP(UGG)N1",0
"tP(UGG)N2",0
"tP(UGG)O1",0
"tP(UGG)O2",0
"tP(UGG)O3",0
"tP(UGG)Q",0
"tQ(CUG)M",2
"tQ(UUG)B",0
"tQ(UUG)C",0
"tQ(UUG)D1",0
"tQ(UUG)D2",0
"tQ(UUG)D3",1
"tQ(UUG)E1",0
"tQ(UUG)E2",0
"tQ(UUG)H",0
"tQ(UUG)L",1
"tQ(UUG)Q",0
"tR(ACG)D",1
"tR(ACG)E",0
"tR(ACG)J",0
"tR(ACG)K",0
"tR(ACG)L",0
"tR(ACG)O",0
"tR(ACG)Q2",0
"tR(CCG)L",0
"tR(CCU)J",0
"tR(UCU)B",0
"tR(UCU)D",0
"tR(UCU)E",0
"tR(UCU)G1",0
"tR(UCU)G2",0
"tR(UCU)G3",0
"tR(UCU)J1",0
"tR(UCU)J2",0
"tR(UCU)K",1
"tR(UCU)M1",1
"tR(UCU)M2",0
"tR(UCU)Q1",0
"tS(AGA)A",0
"tS(AGA)B",0
"tS(AGA)D1",0
"tS(AGA)D2",1
"tS(AGA)D3",0
"tS(AGA)E",0
"tS(AGA)G",0
"tS(AGA)H",0
"tS(AGA)J",0
"tS(AGA)L",0
"tS(AGA)M",0
"tS(CGA)C",0
"tS(GCU)F",0
"tS(GCU)O",0
"tS(GCU)Q1",0
"tS(UGA)E",1
"tS(UGA)I",0
"tS(UGA)P",0
"tS(UGA)Q2",0
"tT(AGU)B",0
"tT(AGU)C",0
"tT(AGU)D",0
"tT(AGU)H",0
"tT(AGU)I1",0
"tT(AGU)I2",0
"tT(AGU)J",0
"tT(AGU)N1",0
"tT(AGU)N2",0
"tT(AGU)O1",0
"tT(AGU)O2",0
"tT(CGU)K",1
"tT(UAG)Q2",1
"tT(UGU)G1",0
"tT(UGU)G2",0
"tT(UGU)H",0
"tT(UGU)P",0
"tT(UGU)Q1",0
"tV(AAC)E1",0
"tV(AAC)E2",1
"tV(AAC)G1",1
"tV(AAC)G2",0
"tV(AAC)G3",0
"tV(AAC)H",0
"tV(AAC)J",0
"tV(AAC)K1",0
"tV(AAC)K2",0
"tV(AAC)L",0
"tV(AAC)M1",0
"tV(AAC)M2",1
"tV(AAC)M3",0
"tV(AAC)O",0
"tV(CAC)D",0
"tV(CAC)H",0
"tV(UAC)B",0
"tV(UAC)D",0
"tV(UAC)Q",0
"tW(CCA)G1",0
"tW(CCA)G2",0
"tW(CCA)J",0
"tW(CCA)K",0
"tW(CCA)M",0
"tW(CCA)P",0
"tW(UCA)Q",0
"tX(XXX)D",0
"tX(XXX)L",0
"tY(GUA)D",0
"tY(GUA)F1",0
"tY(GUA)F2",0
"tY(GUA)J1",0
"tY(GUA)J2",0
"tY(GUA)M1",0
"tY(GUA)M2",0
"tY(GUA)O",0
"tY(GUA)Q",0
