"gene_id","baseMean","log2FoldChange","lfcSE","pvalue","padj"
"YGR087C",459.39711109665,-4.93041115124751,0.269708091008549,5.6537861566872e-76,3.44598266250085e-72
"YCR105W",562.003375428933,7.28991155578506,0.405207431778977,3.03526831630997e-73,9.24998019395462e-70
"YGR088W",664.141593276478,-4.81550140161393,0.276314555161223,2.47320242678369e-69,5.02472293041553e-66
"YHR094C",486.763393214133,-4.30912855850497,0.2564516397691,1.04405433443639e-64,1.59087779209745e-61
"YKR097W",251.43965425522,5.23076224922717,0.335364675762465,1.23605771432179e-55,1.50675435375826e-52
"YPL095C",375.361534043276,-3.67470199862577,0.257048961856054,1.44746172326067e-47,1.4703798672123e-44
"YLR377C",299.906336209961,4.591651827738,0.325716429358498,2.86320974797361e-46,2.49303763055702e-43
"YPR036W-A",899.714197049792,3.93965554354186,0.304626166710882,1.75781526417194e-39,1.339235504391e-36
"YOR273C",398.967474246298,-3.09894306263995,0.243124651739763,1.56882061392654e-38,1.06244018243137e-35
"YNR034W-A",1713.46872503068,4.80494814400923,0.383715418910567,3.2558666688098e-37,1.98445073463958e-34
"YBR072W",1166.77207910643,3.86093064748054,0.31656805409773,2.06118679148059e-35,1.14208486309766e-32
"YNL036W",276.605303911409,3.44299233545453,0.283021492500953,3.89114092096347e-35,1.97637532610603e-32
"YDL243C",194.147026316332,4.02432145218499,0.334181976588749,1.31095809584814e-34,6.14637661091878e-32
"YGR201C",144.784793646003,-3.79113890710121,0.31861998378337,6.83570241409382e-34,2.97597187242156e-31
"YNL141W",180.827497402592,-3.38130462723049,0.28726568384972,3.56315641991364e-33,1.44782922529157e-30
"YJL052W",7723.68346575748,-2.7367385332792,0.246198892168565,6.80138091436864e-30,2.59090104206731e-27
"YIL155C",266.981233026421,3.58682036182102,0.328132109037705,5.89775517148034e-29,2.1145186923631e-26
"YIR019C",1355.667211734,3.13980900120565,0.29070580560899,2.24646106493915e-28,7.60676677266896e-26
"YGL117W",145.225666500801,4.32753588668632,0.400952156783975,2.57698544759058e-28,8.26669805424453e-26
"YNR071C",109.416597789838,5.67399738640401,0.525279790094211,6.30122362408628e-28,1.92029789944029e-25
"YMR319C",136.547168589162,-3.19905987186686,0.308269856500332,1.50621524918046e-26,4.37161044940709e-24
"YDR345C",1258.35030532113,-2.33998668547055,0.225882710139356,2.64121452383761e-26,7.31736478308648e-24
"YOL128C",188.554058827942,-2.98350507145145,0.290425439702852,3.62452785998349e-26,9.60499882895625e-24
"YDR406W",438.77320564039,-2.65193285496791,0.259968672402059,1.05266882151378e-25,2.67334019463603e-23
"YJL212C",247.474036281249,-2.88554480514502,0.289760782290688,8.96499066899611e-25,2.18566472510125e-22
"YCL025C",604.447537564512,3.36174810956523,0.336401563746439,9.62325771352675e-25,2.25591368322867e-22
"YBL049W",273.642757743601,-2.60688254076153,0.263428516664582,2.14929851851179e-24,4.85184239641828e-22
"YDL210W",102.709490216651,-3.26624803624218,0.335984538769899,8.18035996270603e-24,1.73036273372888e-21
"YDR536W",164.13670871592,2.9933677092725,0.306086741947866,8.51696177389111e-24,1.73036273372888e-21
"YJL034W",962.808774483775,2.26016629960792,0.230389071887249,8.26296632516526e-24,1.73036273372888e-21
"YKL071W",350.900113273891,3.08079832928008,0.315218533502556,8.97099220973235e-24,1.76381282317157e-21
"YMR145C",189.008098421723,2.56865850943351,0.264344494270066,1.84423219758114e-23,3.51268601383032e-21
"YDL039C",65.4646796131009,4.10249654629438,0.421055085143569,3.09866233209036e-23,5.72313542851235e-21
"YIL045W",160.116357328359,-3.07295075556886,0.322976324943286,1.82786054267127e-22,3.27670882575923e-20
"YGR142W",523.487252916085,4.02412749919121,0.428075454292287,3.19822690582737e-22,5.56948371171938e-20
"YPR002W",65.2643111382334,4.0813055824706,0.433576065702619,6.24736138530634e-22,1.05771299009561e-19
"YJL116C",974.162536520768,-2.81930657519986,0.309886435697494,5.15506155035047e-21,8.49191895929355e-19
"YAL060W",195.48373997199,-2.54399606691907,0.279907359511618,7.4242280739171e-21,1.1908071081717e-18
"YKR034W",291.359907065794,-2.25850012138379,0.24964097003951,1.33545125883428e-20,2.08707062117819e-18
"YGL055W",2148.50083033627,-2.00943611416828,0.222789001674146,1.56053595761156e-20,2.37786666541062e-18
"YPL262W",322.139143530593,2.39977580088444,0.268453028061837,2.86434817120892e-20,4.25809807402886e-18
"YMR305C",206.593602597344,3.70632488309362,0.425818832711405,1.77068289016512e-19,2.56959814656106e-17
"YKR033C",114.192248316968,-2.55749785742639,0.295781315139836,4.76270031940383e-19,6.75085080157357e-17
"YLR327C",212.892717197883,4.00549332467187,0.471622029474873,1.29277068420052e-18,1.79078120913686e-16
"YML128C",308.051317304747,-1.99413114127308,0.234800607263727,1.90661904873421e-18,2.58240957823e-16
"YKL165C",101.357454179573,2.84627576132437,0.336820104517891,1.9864443022274e-18,2.6320387004513e-16
"YKR009C",87.380525798356,-2.67986041793186,0.316261312645237,2.30596871580008e-18,2.99039985591522e-16
"SCR1",2649.73948252183,2.96509862798885,0.351818993649531,2.40333080683057e-18,3.05172943075673e-16
"YLR004C",78.0341369429868,-2.97053327431573,0.356441430530485,3.57902281928435e-18,4.45186613949758e-16
"YHR092C",90.2523443549886,-2.536641529853,0.302656163733938,3.70804820314287e-18,4.52011075963116e-16
"YBL048W",144.00013960643,-2.71316897032839,0.326348571169575,4.91542679207805e-18,5.87441692112073e-16
"YDR089W",99.6049562789156,-2.46862904555194,0.296251190149882,6.28869844361901e-18,7.37108019497267e-16
"YCR012W",5137.518786352,-2.06578904106061,0.250029834330156,1.08513951485965e-17,1.22480098945732e-15
"YOR348C",643.190568148782,-2.25965067598779,0.273810007188935,1.06754064953141e-17,1.22480098945732e-15
"YLR044C",875.318562804405,-2.07406814437072,0.252770680519274,1.88375019195556e-17,2.08753771272166e-15
"YOR047C",74.0667895766882,-2.65525723576476,0.323549414156427,2.01135141766871e-17,2.18914051619478e-15
"YPL171C",371.805882330824,2.4175102418778,0.295910026190725,2.21922695737209e-17,2.37301549213735e-15
"YDR070C",337.584011238697,-2.69993443253951,0.330088479122732,2.36741259127985e-17,2.48782409376736e-15
"YMR122W-A",188.93605111953,2.6769534940582,0.328865212665933,2.47890550566878e-17,2.56083543339851e-15
"YCR013C",2849.05261773911,-2.05106139631259,0.253294960934586,4.59047733708535e-17,4.66315989492254e-15
"YMR118C",90.045828581673,-2.49034044851679,0.308348496903108,4.83792677630113e-17,4.83396126255007e-15
"YOR092W",206.981444747906,-2.17914932198973,0.274419825695682,1.45633267443796e-16,1.43166897591925e-14
"YHL028W",129.749493453237,-2.64377074801054,0.333392800437431,1.6814888572145e-16,1.62677374360673e-14
"YGR248W",78.818474730944,-2.46959168610203,0.312768952262875,2.28335309310097e-16,2.17453704725788e-14
"YEL071W",243.72415899909,2.0924719193421,0.265761642468478,2.84257639343544e-16,2.66546201815216e-14
"YLR174W",161.374460323396,2.72508020551619,0.349132987685432,3.76339072337692e-16,3.47543431196702e-14
"YJR095W",50.8840848800698,3.61082548130751,0.465303142392484,8.19673138351515e-16,7.45657877351117e-14
"YOR386W",38.8769411244933,-4.56588685891547,0.585966130339513,1.20638360283573e-15,1.08131000871821e-13
"YIL053W",92.1557852103664,-2.63192309578564,0.341714032375679,1.33979865774202e-15,1.18348881433878e-13
"YEL069C",81.9449771236728,10.8021509426916,2.93556354448834,1.41719433631635e-15,1.23397135426402e-13
"YLR257W",472.593364329659,-1.72908390169299,0.22556456187244,1.76931959917715e-15,1.51887365591334e-13
"YDL223C",529.798376783455,-1.90674257204386,0.250982120269481,2.98032851150694e-15,2.52293087189372e-13
"YNR072W",40.8397821056707,4.95100271336698,0.645851041037692,4.29107922463696e-15,3.58275724303593e-13
"YPL106C",504.534991090152,1.83955067219772,0.243858685582231,4.47537866029991e-15,3.68613958574702e-13
"YLR303W",446.182217556033,2.24335924500498,0.298826921326572,4.58437090694564e-15,3.72556542371116e-13
"YKR076W",193.200706360334,2.03369022084259,0.274106486736323,9.85017473717444e-15,7.89958092408924e-13
"YOR161C",93.402854092594,-2.45349987766697,0.334035797787775,1.09637675039883e-14,8.67846271906608e-13
"YOL086C",837.515010024008,-1.68619956951485,0.230565515141789,2.66766211243703e-14,2.08453853529534e-12
"YDR524C-B",1458.6138364553,1.50678336848233,0.205662069443411,2.98502260328467e-14,2.27421409587751e-12
"YGR067C",50.0058793713665,2.83542266808828,0.39050460157689,2.98333115896913e-14,2.27421409587751e-12
"YER103W",267.923095480535,2.36180331830557,0.325669240544318,3.23359971316254e-14,2.43318398169453e-12
"YGR256W",215.090653101055,-2.05474722180592,0.288193209925276,6.91525691770482e-14,5.14005986748913e-12
"YMR002W",223.941788559977,1.8739427700867,0.263049260723863,1.0610968278883e-13,7.79203032045682e-12
"YPL271W",788.761305367063,1.72253432483087,0.242484280410173,1.28792746906669e-13,9.34514038566845e-12
"YPL223C",146.683938345622,-2.35673589173385,0.333611617825161,1.48530909529135e-13,1.06505399244715e-11
"YFR015C",69.4628240276988,2.52979507556763,0.360301826911024,1.66328430853255e-13,1.17880440238441e-11
"YOR375C",531.299693109921,1.60180237487355,0.22789786185134,2.36396476822446e-13,1.65613393819863e-11
"YOR020C",262.010696329523,1.65562463732817,0.235747095780212,2.44596263967607e-13,1.69410707827564e-11
"YNR067C",103.828916873096,2.00785636144561,0.289777651056559,3.66992917108628e-13,2.51328295480572e-11
"YNR001C",1011.81324793738,1.58156170013064,0.227248619613075,3.93697501410952e-13,2.66620696788862e-11
"YPR035W",747.489129558788,-1.63443298802459,0.235106200363861,4.00377772752643e-13,2.6816511262938e-11
"YJR094W-A",91.865563308136,2.14478972523939,0.312115659552827,5.4408589167282e-13,3.60456903233244e-11
"YJL159W",256.337341472035,2.09160280673365,0.304998448756775,5.54087461737734e-13,3.6313581497758e-11
"YPL250C",64.958041201667,2.44816144812604,0.358636331826934,6.92263559995739e-13,4.4886663810362e-11
"YBR162C",178.64923572121,2.50154925410308,0.368961756749226,7.82989021359341e-13,5.02349272124756e-11
"YLR216C",125.887569702213,2.30055256203276,0.337523576118562,7.9334759966689e-13,5.0369308541351e-11
"YNL030W",70.4390730017482,2.15577688326234,0.31634648580073,8.88804313138498e-13,5.52781866181546e-11
"YOL002C",172.549975446071,-1.78355366715901,0.262293015090979,8.87548502426462e-13,5.52781866181546e-11
"YGR125W",801.395240839537,-1.43313050341951,0.208947304951633,8.9885339447696e-13,5.53384993872432e-11
"YJR138W",196.089748786112,-1.64524007466796,0.240899108413973,9.47712303469847e-13,5.77630648964872e-11
"YJL190C",100.864340148402,2.11171708697257,0.311616242981292,1.06533184476695e-12,6.42890850876686e-11
"YOL126C",193.030898959608,-1.88624849078749,0.279478993023965,1.12184267561998e-12,6.70355990970957e-11
"YPL111W",71.4377874441143,2.22154218023225,0.328875090719667,1.16130994176632e-12,6.87202339326767e-11
"YDL055C",272.13270686614,1.64720964538362,0.242824294084984,1.26961940600715e-12,7.44070219193614e-11
"YJL158C",56.0697771849859,2.35380200928216,0.350040024054373,1.48705214290489e-12,8.63198362952889e-11
"YLR403W",148.891631198025,-1.82494070928802,0.272191446874317,1.72119013220316e-12,9.86784865621907e-11
"YMR250W",110.890581490358,-1.88870990940491,0.281064201407354,1.73233766401221e-12,9.86784865621907e-11
"YBR294W",120.239298760257,2.15463605621994,0.324425203315165,2.49553775049138e-12,1.40836135085602e-10
"YJL079C",279.434713760259,-1.95005049800617,0.293943822072279,2.69844575818847e-12,1.50890155010631e-10
"YAL012W",55.5664993655957,2.64150016852933,0.401377933573476,3.10118537478143e-12,1.71833862357207e-10
"YML087C",130.451549095861,1.86548030830125,0.282360319038839,3.7410696055379e-12,2.05421795006788e-10
"YMR271C",90.2702682232382,-2.0797954850755,0.317793468017482,4.05974258224068e-12,2.20929741417473e-10
"YGR052W",36.9888339271165,-3.03109510803246,0.456382095772453,4.47925938226742e-12,2.39483209955438e-10
"YLR446W",58.1809589153777,-2.48444056824841,0.383395495908855,4.4767517001675e-12,2.39483209955438e-10
"YOR274W",97.577457629358,-1.88012867689441,0.286463951355671,4.84023350787518e-12,2.56532375917384e-10
"YBR068C",126.266023856408,1.96367035919548,0.302121070287615,6.79018540677604e-12,3.50912091718181e-10
"YKL016C",598.414585946505,1.52744002322634,0.232959714815662,6.79370415467521e-12,3.50912091718181e-10
"YPL135W",339.332175733786,1.50588595093504,0.229647410647106,6.78533564622331e-12,3.50912091718181e-10
"YPL201C",26.969819142803,3.79368425021803,0.579573399018839,9.34538211090554e-12,4.78656335848481e-10
"YDR223W",75.316818793407,-2.0432845681774,0.319959997645179,1.25827894846142e-11,6.35790622562148e-10
"YIL119C",194.566476288033,-2.24428713972154,0.349736761982355,1.26219303248597e-11,6.35790622562148e-10
"YJR096W",547.36597079285,-1.43970149682019,0.223187038907491,1.38216410438176e-11,6.90515591492364e-10
"YOL055C",74.2422919875361,-2.0983900689519,0.333283555255972,1.91467580581848e-11,9.48776344427936e-10
"YDR032C",217.763226511387,1.56314365984515,0.245198599231175,2.12122210148944e-11,1.04264908940146e-09
"YHL032C",122.983729340174,2.07416519958992,0.328948870247147,2.53493100719245e-11,1.23603235910704e-09
"YCR098C",126.245014782304,1.77362800775125,0.28298481929833,3.5004207435104e-11,1.68546870573837e-09
"YJR009C",286.371976311425,-1.59762631165905,0.254563478295205,3.51196924739578e-11,1.68546870573837e-09
"YLR164W",44.7507194570191,-2.65881041399355,0.433336233432892,3.64475459636668e-11,1.73552963006679e-09
"YHR140W",48.4888485898979,-2.40628010984041,0.388494752952383,3.76524702915815e-11,1.7772407417009e-09
"YKL096W-A",2646.63435421076,-1.35894272936867,0.215296040286469,3.79066934243015e-11,1.7772407417009e-09
"YCR032W",119.849404666615,-1.69413764751095,0.270722762143654,4.10748481610763e-11,1.91107785909741e-09
"YOR384W",25.2537137626721,-5.04321598112773,0.778318363071225,4.5042958339623e-11,2.0798244778788e-09
"YNL195C",101.22845315212,-1.9393530460371,0.311172063301672,4.79416516468681e-11,2.19702531419294e-09
"YML075C",156.178031305193,-1.87562505459373,0.303961666097763,5.05089225040633e-11,2.29740210941989e-09
"YPR124W",118.219972568829,-1.74332441939941,0.282966952127718,8.44319334313162e-11,3.81194543899164e-09
"YKL009W",80.7663031676733,2.36364282586772,0.389796953494553,1.10438510110358e-10,4.94943175825466e-09
"YCR011C",249.815363799565,-1.44234104190916,0.23553902926357,1.14596096341708e-10,5.09827158542124e-09
"YKR031C",233.711979509307,-1.55699654604775,0.254589987086352,1.21460027437216e-10,5.36448454514369e-09
"snR44",127.059263228126,2.15438843432469,0.358058675699618,1.30536396288845e-10,5.72388011065114e-09
"YDR322C-A",276.024727093638,1.44199558070135,0.236646108442133,1.48802153447758e-10,6.47820803760062e-09
"YHR174W",197.795460500174,-1.57421823414199,0.261695695079185,1.90078842700691e-10,8.21652869688449e-09
"YNL052W",1150.49250104031,1.42727174463272,0.236171075979965,1.98636049817297e-10,8.52596284251002e-09
"YOR317W",343.611088823079,-1.48183616776529,0.246139484857895,2.00276891889472e-10,8.53627731514916e-09
"YER169W",136.309072649295,-1.57242528358662,0.26211328376266,2.09563280122352e-10,8.87005689128981e-09
"YPL061W",311.600285300327,1.40521583805301,0.23308856020369,2.22808209448063e-10,9.36562783852375e-09
"YOL058W",300.036313627817,1.56490276602847,0.261150883268838,2.33253271562021e-10,9.73752527514052e-09
"YKL152C",1722.60377123828,-1.36501967728849,0.22692360832207,2.45229517676884e-10,1.01678497295279e-08
"YLR178C",246.721335739411,-1.74887718408663,0.294916612206273,2.87661105273461e-10,1.18465840313631e-08
"YDR242W",97.1880578432746,-1.67213355514537,0.283092572867382,3.49961183345427e-10,1.43155262583247e-08
"YGR019W",66.0470657133857,-1.85698003888804,0.315319108979462,3.709411000566e-10,1.50725733656332e-08
"YDR074W",446.311862915738,-1.3999477269385,0.236466684713396,4.05788957315243e-10,1.63793622174596e-08
"YGL062W",372.624843523531,1.39538922180746,0.235579456689616,4.27242559336056e-10,1.71318644681136e-08
"YGR189C",82.5608375415065,2.07516567853277,0.357308516249896,4.86260992600025e-10,1.93709852934454e-08
"YCR079W",85.1356069515317,-1.96654378643884,0.343124609370947,6.36773626716896e-10,2.52021769794771e-08
"YGR234W",1409.24223172421,1.35785348337069,0.233091229735554,8.07829792925932e-10,3.17659521798939e-08
"YKL081W",84.2281456215736,1.69599529160341,0.29498118212478,9.42778238473443e-10,3.68348292531772e-08
"YOR247W",32.2294339015657,2.5507597259964,0.447439908792727,1.23437632785521e-09,4.79205332374363e-08
"YLR237W",95.0752695542961,-1.67934069830242,0.295354426252401,1.27909971264868e-09,4.93424857505929e-08
"YLR168C",215.66396963413,1.64098789806928,0.288212465956684,1.38772051751265e-09,5.31959531713181e-08
"YKL153W",1011.27034877784,-1.32602555787847,0.231249226954815,1.40614781625933e-09,5.35654433756287e-08
"YPR167C",67.9074422550126,2.02102540504811,0.359399547842733,1.70323410728127e-09,6.4479576918505e-08
"YLR231C",44.463895082723,-2.14485566006595,0.3857097634438,1.73680793796645e-09,6.53447184068241e-08
"YLR053C",65.4141778938325,-2.10941710661889,0.374639874347785,1.9271995164192e-09,7.20630739421779e-08
"YNL134C",477.243401537746,1.32104646137243,0.232489116279189,1.94943417998388e-09,7.24500080914742e-08
"YGR035C",40.9143171720198,-2.49110753805413,0.443239281355506,1.98233341043482e-09,7.32261947672741e-08
"YOL138C",140.485985228733,-1.49175511619904,0.264515873032031,2.18716787434654e-09,8.03059529767601e-08
"YLR075W",1096.44241566567,1.52588061995753,0.271491671954871,2.25428079476799e-09,8.22744996653348e-08
"YNL129W",46.5930156951371,-2.13595303345454,0.38131093258857,2.35996944565948e-09,8.56191295910389e-08
"YFL021W",138.323674345928,-1.58401967331953,0.283439090860702,2.50240300905967e-09,9.02493866285129e-08
"YMR040W",68.6940588689956,2.67193661952303,0.484298494038931,2.54257760365694e-09,9.11588852605237e-08
"YLR076C",723.472024725178,1.55687772756406,0.279152624421753,2.79192959442273e-09,9.9513513906471e-08
"YNL074C",136.288538620656,-1.47220804929195,0.2636784580402,2.82968264980116e-09,1.002727659915e-07
"YML012W",155.595684380798,1.40043428280662,0.250115985381165,2.9818435604766e-09,1.05053968214479e-07
"YMR272C",287.165682497101,-1.29645386817929,0.232388236023778,3.5368096309855e-09,1.23889969545153e-07
"YDL239C",206.10974598892,-1.99548690530707,0.363398617319466,3.60344625211519e-09,1.25502885180812e-07
"YFR032C-A",172.888169359716,1.56721681008006,0.284471973324893,4.3261296889069e-09,1.49816820760725e-07
"YNL037C",493.55889355774,1.33613980137428,0.241578109759275,4.5416868745266e-09,1.56393115820563e-07
"YPR006C",56.3992760904136,1.97253324252789,0.363000983183404,4.60308079732269e-09,1.57616727301583e-07
"YER132C",140.856949743145,-1.39826062760508,0.253672662645593,4.77429320090202e-09,1.62566017092167e-07
"YFR011C",106.062878075198,1.77813603914357,0.325750357200079,5.0424412252883e-09,1.70358823611211e-07
"YMR315W",206.411915773782,-1.32782008469141,0.240906583809046,5.05905612364712e-09,1.70358823611211e-07
"YBR189W",162.96387611705,1.37826409234888,0.251212119742838,5.78262934541813e-09,1.92075910821775e-07
"YIL113W",37.7732576098308,-2.12673428823238,0.394462923903669,5.79851806254416e-09,1.92075910821775e-07
"YLR024C",200.617948197181,-1.36623920620528,0.249456498682578,5.74505794113793e-09,1.92075910821775e-07
"YDL168W",409.526627573973,1.21283788737202,0.221638605075647,7.55206804221985e-09,2.48810025499081e-07
"YAL061W",130.786051410096,-1.4463713988035,0.268103011962343,8.24574658053764e-09,2.70203362410629e-07
"YML063W",357.771765680436,1.39896162009226,0.258710181145825,8.47538646874396e-09,2.76243211374302e-07
"YGL205W",55.6394978566243,-1.86017756727161,0.350050374374233,8.56992840424562e-09,2.77838902254665e-07
"YHR205W",221.450139327211,-1.52323697189582,0.283955788782015,8.90035667659139e-09,2.87024729861505e-07
"YPL265W",295.372372722416,1.6141649149312,0.30160908229308,9.23760980922395e-09,2.96332798880105e-07
"YML091C",518.232047132273,1.54328921206556,0.287521738662134,9.39386651295615e-09,2.99767625112397e-07
"YGR211W",109.284072975241,1.5727363049611,0.294440181437373,1.02147800249868e-08,3.24266063814036e-07
"YJR036C",32.3223780912752,-2.22350895605424,0.420827723498924,1.0498509848512e-08,3.31546204801453e-07
"YGR144W",32.7004659810793,-2.2639828029436,0.434121819549497,1.15952836796e-08,3.64295123851351e-07
"YAL038W",1824.2000049577,-1.22714425839743,0.228102321665326,1.19688928130817e-08,3.74104624080681e-07
"YPR026W",99.7401261028941,-1.47090330463397,0.277976857728807,1.56416465302682e-08,4.86407324499921e-07
"YGR049W",44.184029207583,-1.909469617329,0.36414359281607,1.69255671623885e-08,5.21016827549283e-07
"YJR048W",360.960986072749,1.21252140503828,0.227482757462182,1.68860741965377e-08,5.21016827549283e-07
"YLR436C",165.931922132701,-1.34215476365364,0.253622100045923,1.75521871917168e-08,5.37590858962383e-07
"YOR003W",112.908492607718,-1.49114339992807,0.285046299917472,1.86632449559852e-08,5.68762390033649e-07
"YER052C",148.423394454133,1.49754548758812,0.286150940895608,1.92808238993092e-08,5.84659809285022e-07
"YCL048W-A",16.5605637391345,-3.57115386161273,0.677832703985764,2.1093079052067e-08,6.36447112981922e-07
"YDL067C",476.13709697753,1.16413451835886,0.219754347645047,2.12821523090822e-08,6.38988760216039e-07
"YGR124W",98.9036515466134,1.53472577698608,0.294797760893753,2.17038896589007e-08,6.48456899367645e-07
"YPR001W",29.4884353722885,2.51508494478435,0.48996470580889,2.21603294105478e-08,6.58864428084335e-07
"YHR010W",206.654068803168,1.33292122477986,0.25395817839529,2.25459650636885e-08,6.67076005161075e-07
"YMR241W",153.853120627007,1.49499470209336,0.288731480238897,2.61232762972403e-08,7.69185357640965e-07
"YIL162W",58.9808504701161,1.68843393469136,0.327452556172823,2.65922871954836e-08,7.79230723348425e-07
"YKL060C",6845.32773038864,-1.10384184964932,0.210131557359266,2.86436473020461e-08,8.3532550385632e-07
"YLL012W",44.1286510419832,-1.98846451925658,0.392329315625969,2.95263690903169e-08,8.56967712407056e-07
"YKL001C",56.4404781168424,1.67574185266647,0.326935686968944,3.17315205864102e-08,9.16604824522134e-07
"YLL024C",159.629207693024,1.41866186169695,0.275255132939813,3.24046519878521e-08,9.31633744650749e-07
"YBR196C",852.329300410745,-1.31525426290121,0.254679095334464,3.34743753597301e-08,9.57870036702136e-07
"YHR193C",167.398751135823,1.26596397992457,0.244468702186889,3.55644474239354e-08,1.00917160340803e-06
"YMR173W-A",45.5104092253521,-2.2575884750042,0.443198945869273,3.55983420398238e-08,1.00917160340803e-06
"YKL217W",95.5381011910563,1.56822219051792,0.308588693967989,4.02536297455976e-08,1.13586052453434e-06
"YLR256W",240.500079723687,-1.31295392024898,0.25689423418505,4.43416063867346e-08,1.24544742362741e-06
"YLR152C",131.970306903734,-1.41207572690521,0.277848748099475,4.4682527493315e-08,1.2492660783108e-06
"YHR179W",543.844290999488,1.21667571035912,0.236983678444053,4.68974259003521e-08,1.30520461581117e-06
"YMR088C",406.017866681729,-1.66735549091471,0.33234202515431,4.80238110050013e-08,1.33047785488856e-06
"YPL230W",52.9208681166524,-1.75907479427822,0.348547993935525,4.93744021236119e-08,1.36170579612405e-06
"YJR121W",1832.0000446375,1.08124009784711,0.209548480638134,4.99692484803764e-08,1.37190346616169e-06
"YER037W",142.925923969147,-1.36964195971341,0.270971716705647,6.20469206674114e-08,1.69585641913844e-06
"YOL059W",90.749695965757,-1.46955361519795,0.293131184488279,6.40100185684036e-08,1.7417011748858e-06
"YMR173W",144.075528337768,-1.6534076296575,0.331846376346361,6.43360910973174e-08,1.74279322328067e-06
"YCL018W",247.72969582221,-1.62284273204781,0.328993660719258,7.45226556124304e-08,2.00980347768922e-06
"YIL111W",67.8312014151123,-1.84085763590407,0.371271217832029,7.6920928173215e-08,2.06534386438654e-06
"YJR066W",268.792569574924,-1.41910039310224,0.285674064026538,7.96171243107995e-08,2.12836128365931e-06
"YKL073W",157.592439994743,1.36979935747844,0.274276421285243,8.31063968261103e-08,2.21193663168184e-06
"YHR080C",166.299698436967,-1.48487432614646,0.298832418885266,8.78268815178346e-08,2.31733698203984e-06
"YMR304W",276.821844901595,-1.13953360232509,0.226409836727056,8.74678728352324e-08,2.31733698203984e-06
"YLR104W",55.4335321047427,2.08339548727699,0.427225421041845,9.24808316575003e-08,2.42961495238131e-06
"YJR039W",59.9732965690355,-1.62169131071094,0.330636452610306,9.34539568617295e-08,2.44464320631863e-06
"YLR346C",27.9940235102966,2.17002573905689,0.443043014089081,9.45413127185112e-08,2.46251838042447e-06
"YPL075W",122.752942380739,-1.53089677835868,0.31081202590375,1.04021014503486e-07,2.69790673786702e-06
"YDL037C",17.169258107149,3.73675974737138,0.756429627551702,1.04712072495587e-07,2.70432238076526e-06
"YBR183W",112.097386679726,-1.33111207171163,0.26983901701055,1.10338035008826e-07,2.83759630117635e-06
"YDL020C",436.939072999888,1.14445879132653,0.229715037093173,1.16757971115442e-07,2.99008333591857e-06
"YDL004W",527.683896161231,1.09254829749935,0.219492900050625,1.27528706057446e-07,3.25224880092106e-06
"YHR043C",53.3110245391279,1.85358780057899,0.38501497573043,1.41251877252929e-07,3.58720913273584e-06
"YJL082W",93.4352803388539,-1.43759734835685,0.297389656459837,1.50108359845681e-07,3.7963089346864e-06
"YLL009C",217.712643253993,2.09363004823665,0.439936768420643,1.51588469211338e-07,3.81789966877316e-06
"YHR029C",108.578477943462,-1.6481414860122,0.345656240608778,1.58406159384706e-07,3.97319152859993e-06
"YER062C",136.996296430578,-1.26596026191077,0.260718089900881,1.75377059168964e-07,4.38083268702801e-06
"YOR385W",20.5150978474671,-2.46014159714627,0.516656277033695,1.79184051291745e-07,4.45766037805381e-06
"YLR189C",227.140710228183,-1.18192551485551,0.24186616001471,1.80135229933685e-07,4.46310661156835e-06
"YAL007C",45.5149055540971,1.72045543398361,0.360653620786905,1.80881087728538e-07,4.46344222552809e-06
"YAL037C-B",1161.27721114046,-1.12830550491106,0.230715027442061,1.8413417877106e-07,4.52539443390973e-06
"YML070W",276.216325274819,-1.45134089224573,0.303269778829988,1.92042499963969e-07,4.70079934650758e-06
"YMR170C",46.7415683217426,-1.81480764808829,0.388567070085932,2.24697382230039e-07,5.47812217876835e-06
"YFL033C",234.124752534737,-1.12176191115879,0.231467949221698,2.33330307997151e-07,5.66592919220172e-06
"YDL022W",212.009819819975,-1.20715316421647,0.25050238915101,2.39208273846226e-07,5.78561281386012e-06
"YLR005W",143.6632431524,-1.24713992118665,0.260298718289345,2.46183709077514e-07,5.9307893550492e-06
"YBL030C",328.010633890328,1.16433346557824,0.241762217592666,2.56223796797723e-07,6.14836236803984e-06
"YPL054W",49.9356880016873,-1.61930343126386,0.342661840341904,2.58551399333115e-07,6.17988540758956e-06
"YLR295C",269.298334266596,1.5399688151919,0.325677686862188,2.62372170915742e-07,6.24671242863847e-06
"YBR009C",82.8323729231426,1.39055623412887,0.29215129021463,2.66700449182576e-07,6.32505539987471e-06
"YBR140C",525.183950745867,-1.20201932846886,0.251064265173226,2.6908359696728e-07,6.33359862705333e-06
"YDR077W",1356.72268037584,-1.17179309390396,0.244216665631259,2.69138973651651e-07,6.33359862705333e-06
"YGR175C",513.720426316241,-1.55667486163958,0.331913923454446,2.79431432271491e-07,6.55051761421054e-06
"YOR136W",529.293628648209,1.05292048927095,0.218178206037864,2.91980403899018e-07,6.81846958530466e-06
"YBR067C",110.240006676256,1.29309805969086,0.271944021750048,3.02317652028941e-07,7.00618284835131e-06
"YIR028W",34.692224478203,-1.87590023312134,0.402302437372011,3.02258553486727e-07,7.00618284835131e-06
"YDL238C",49.5086671900571,-1.69258921332032,0.362094637825783,3.04640844578784e-07,7.03328010495337e-06
"YAR027W",16.6507530710149,5.19443228418591,1.03259108027125,3.36016297004723e-07,7.72837483110864e-06
"YJR148W",31.2860380638537,-1.88104464917161,0.404183585810864,3.38128580319145e-07,7.74772066558342e-06
"YDR293C",687.854580914962,-1.20578972476303,0.254507673100817,3.40426365629579e-07,7.77115617420331e-06
"YKL043W",175.009467827855,-1.2154703494886,0.256694188246294,3.57291147570898e-07,8.06551683127637e-06
"YLR312C",144.953103067297,-1.2592907256042,0.266210655504461,3.55973509019972e-07,8.06551683127637e-06
"YGR243W",143.070619871256,1.44457835346831,0.309504994726312,3.75140531537704e-07,8.43720125358784e-06
"YLR378C",84.6914203853393,1.46601418682391,0.31542497525388,3.93506949673916e-07,8.81773844949455e-06
"YNL217W",192.246629343434,1.36979449005351,0.292739593019684,3.95718997802457e-07,8.83482524397792e-06
"YGL200C",146.958081873607,1.3032821491568,0.278300438675283,4.02447749018824e-07,8.94476144137249e-06
"YGL215W",80.8285517721814,-1.50348393195152,0.324336622322374,4.03578243868324e-07,8.94476144137249e-06
"YJR045C",609.964079985818,1.05574028127893,0.222021978896402,4.15893448239431e-07,9.18431364862077e-06
"YDR050C",1938.77160574928,-1.01431205997647,0.213017745886456,4.19035241536422e-07,9.22028807640612e-06
"YER053C",1327.73644102204,1.1151243406822,0.236109461362932,4.46353388211403e-07,9.78605719837591e-06
"YOR187W",471.169876131586,1.2778232128247,0.273883520720761,4.55311273928663e-07,9.91495206180343e-06
"YPR123C",40.312960262444,-1.68245735909631,0.366089981515051,4.55485902757172e-07,9.91495206180343e-06
"YML081C-A",414.667378887879,1.22532517519396,0.26166365816429,4.6225559703552e-07,1.00265048538487e-05
"YDR529C",879.633512141308,1.32267964732489,0.284190481909117,4.65004471467228e-07,1.00503626013927e-05
"YLR372W",44.4978587946213,1.63417519377338,0.357252470063034,5.1580714702288e-07,1.11089913819945e-05
"YOR327C",85.126747317496,1.68922252194289,0.370598637407383,5.34276331463377e-07,1.14662473248918e-05
"YML078W",152.438908136959,1.41744880893677,0.309477278171981,5.62706148297429e-07,1.20340139434134e-05
"YFL056C",17.1319422403631,3.6803666011331,0.811341252325117,5.6885287609475e-07,1.2122931048243e-05
"YMR278W",136.562884614484,-1.20282458673763,0.260019963653352,6.08002836927445e-07,1.29121159967693e-05
"YER117W",158.422468724154,1.26338470613713,0.274014664861331,6.1436788640194e-07,1.30019870403466e-05
"YNL241C",136.018657113273,1.47032724944903,0.323666419519761,6.3049872276381e-07,1.3297196246524e-05
"YNL289W",15.8243549605875,2.73369478085416,0.605538059800423,6.35518416966199e-07,1.33568439703758e-05
"YDL100C",149.089949283341,1.16629062392174,0.251759189450365,6.47905312210241e-07,1.35703878966372e-05
"YDR380W",37.4317949627878,1.92641729319449,0.430541343316098,7.06149919417141e-07,1.47396704070119e-05
"YOR173W",168.724185331519,-1.20945502205932,0.263749206766038,7.26988925615087e-07,1.51228583673173e-05
"YOR381W",35.22193545606,-1.92273707732162,0.436626499125788,7.60848823303274e-07,1.57733795171206e-05
"YLR217W",24.989850111173,2.03328254534462,0.45677049284903,7.6699731738137e-07,1.57934075994576e-05
"YMR184W",46.049581561268,1.69196530407112,0.377494186859421,7.64506568102085e-07,1.57934075994576e-05
"YLL016W",66.3813041852256,-1.44369086374467,0.320399230294666,7.77453371925292e-07,1.59548090972547e-05
"YMR012W",393.346958432626,1.12194498842703,0.243826359055504,7.86141546264366e-07,1.60789688740984e-05
"YHR104W",234.630834643282,-1.21011467528073,0.2657232936173,7.9855902753478e-07,1.6278318638209e-05
"YMR015C",493.605048605336,-1.27236158809912,0.280545047872662,8.18376000945456e-07,1.6620855605285e-05
"YPL006W",206.407566147429,-1.33814408210197,0.296921514784583,8.20816659096111e-07,1.6620855605285e-05
"YGL180W",124.056009356205,-1.24343684988158,0.274450156797724,8.98368196076094e-07,1.80711358253591e-05
"YDL130W",175.521715186095,1.12413746115673,0.246005455861383,9.03819522657675e-07,1.81209868111794e-05
"YLR087C",235.863845112459,-1.10224286387111,0.241688166437365,9.38816596153504e-07,1.87609414870676e-05
"YER074W",85.9215608723866,1.34575322140212,0.298986604268653,9.48377465356307e-07,1.88900674880611e-05
"YHR005C-A",121.964240612369,1.34645113450197,0.298949932371313,9.6264689196889e-07,1.91118332460925e-05
"YEL060C",997.585789823991,-1.36179175057308,0.304580393236172,9.88452386756987e-07,1.94971433569056e-05
"YER131W",97.1641181236355,1.35552168189561,0.301417748382843,9.86934692652023e-07,1.94971433569056e-05
"YLL040C",526.7383558736,-1.10129044216224,0.242054389195037,9.94079454828437e-07,1.95053370432852e-05
"YPL187W",14.7430823605114,2.75638848880596,0.622864163430108,9.95268223209468e-07,1.95053370432852e-05
"YLR038C",482.688848680614,1.35841891131398,0.303110863972097,1.01062696081906e-06,1.97428568147185e-05
"YLR364W",13.4207827616417,3.13457058609407,0.704775212514449,1.05518028893971e-06,2.05473605785545e-05
"YPL037C",126.800479106838,1.17700716560481,0.260960333370692,1.11771266956036e-06,2.16920009402193e-05
"YPR184W",227.938521149808,-1.27486821676858,0.285985807480048,1.12107962201298e-06,2.16920009402193e-05
"YKL062W",339.262443059945,-1.02592928752044,0.226273895840629,1.22296893716173e-06,2.35885938987366e-05
"YER158C",224.018211645044,-1.0920842181738,0.242713198720708,1.27641874285144e-06,2.45418682576642e-05
"YLR259C",348.752005495958,1.12971646959317,0.251637500493225,1.29180454915837e-06,2.47595871922021e-05
"YBR158W",23.3644252420074,2.16512329788467,0.502387879896607,1.35516474620399e-06,2.58925677997282e-05
"snR47",51.0137071839593,-1.86278328059214,0.438705033247205,1.36685847580982e-06,2.60343825314403e-05
"YML024W",163.169092032596,1.16546278097492,0.261507782287449,1.4400003330476e-06,2.73420623985207e-05
"YCL064C",82.8081936272682,-1.41575930602538,0.325263086827698,1.46825059027158e-06,2.77918861729978e-05
"YGR260W",106.274046150509,-1.29055090239688,0.293757273069821,1.47634904128265e-06,2.78316635814787e-05
"YHR208W",136.042516825237,-1.28068667201403,0.290557361036853,1.47948465962249e-06,2.78316635814787e-05
"YNR019W",66.9766092560718,-1.4466018157364,0.331722018883681,1.52678492753444e-06,2.86330896409921e-05
"YNR073C",31.5004652581063,6.73770350370364,1.67213237217029,1.55622242811457e-06,2.90956309796266e-05
"YER065C",104.912956574158,1.21613984463248,0.275069893091185,1.60376433755519e-06,2.98927939981617e-05
"YMR207C",144.610891570766,-1.23034037209998,0.278891169768363,1.68165397497703e-06,3.11540455242705e-05
"YOR306C",103.471244930866,-1.25623464621897,0.287114520648757,1.73149188878866e-06,3.18835137829815e-05
"YDR391C",31.2411796285891,-1.73620579335702,0.404999166754269,1.79262082255611e-06,3.29097105827695e-05
"YNL178W",416.092741313261,1.12279569899528,0.253954272694026,1.81531247659213e-06,3.32262148493365e-05
"YNL234W",126.246774439024,-1.13116284716315,0.25613080442431,1.83313479964384e-06,3.34519658797282e-05
"YDL081C",183.561806474256,1.10780225884653,0.251728569032162,2.02984469955256e-06,3.69310550560383e-05
"YIL146C",91.6563541863186,-1.28219133907104,0.296155540045796,2.05057377175535e-06,3.70867867621628e-05
"YER075C",65.2061564412136,-1.39406452809582,0.321689565101114,2.05812814627593e-06,3.71132871347686e-05
"YDL075W",160.306937260857,1.16152926721901,0.264854609817407,2.08063984595749e-06,3.74085541625691e-05
"YLR320W",77.5159069452042,-1.26288645997807,0.29096714461227,2.10768971017309e-06,3.7783437598544e-05
"YPR044C",211.862976706778,1.04255799135977,0.236249376038732,2.15205481736746e-06,3.84656132312454e-05
"YNL117W",283.35047171656,1.08156241992197,0.246169446151879,2.17452429812541e-06,3.86405994083801e-05
"YPR042C",116.28016256915,-1.150515044756,0.262830965501655,2.16869474468168e-06,3.86405994083801e-05
"YFR049W",152.858247176677,1.16570136056423,0.266686127706652,2.18406038341241e-06,3.86972326654031e-05
"YMR317W",64.0485432093797,-1.32925622864983,0.309159431606311,2.29038669307623e-06,4.04634982443467e-05
"YGR259C",25.4139500549834,-1.9215883626308,0.460178658787579,2.31552512662639e-06,4.07893804820458e-05
"YDL003W",21.2782753065932,2.20109421079476,0.524239676225263,2.32359624150526e-06,4.08135996886875e-05
"YJL164C",147.717073261603,-1.15253533634419,0.265747979147683,2.38267139315197e-06,4.17309831645438e-05
"YJL208C",37.6557564113383,1.61273020931324,0.38079287479464,2.56806270065095e-06,4.48491179383025e-05
"YNL067W",150.355343451299,1.42132948778318,0.334544252918886,2.58393177382966e-06,4.4965826646614e-05
"YOL152W",47.6644868719188,-1.47157528132631,0.347874546253686,2.5895004352685e-06,4.4965826646614e-05
"YCR102C",36.3377295924037,1.64672829443086,0.390577024997349,2.68510464649635e-06,4.64935023306683e-05
"YBL015W",167.737303020592,1.30263560600243,0.305098555573252,2.7677347937199e-06,4.77885086904329e-05
"YDL181W",262.872498159049,1.0915423814403,0.251562626136403,2.80780876764855e-06,4.83434871153048e-05
"YDR507C",70.8421818597322,1.41079098485745,0.332523986367161,2.9192802031695e-06,4.9980373141343e-05
"YPR115W",200.065906333067,-1.07734178925988,0.249246683131726,2.91493959488067e-06,4.9980373141343e-05
"YLR395C",422.647374239911,1.17080001334225,0.27230093030428,2.97246973639571e-06,5.07484679084926e-05
"YGL069C",80.0814858966241,1.3879686972337,0.329071792241928,3.11008528060077e-06,5.28021442486398e-05
"YMR215W",55.8352765594603,1.54403421674293,0.36996650876706,3.10394555679348e-06,5.28021442486398e-05
"YOR058C",115.387848418627,1.20187134829974,0.280806543843101,3.14640443655242e-06,5.32703751132973e-05
"YMR176W",108.895663018321,-1.13822356184978,0.265630316266177,3.24752577019057e-06,5.48301096102812e-05
"YNL101W",297.930492391836,-1.17722163640843,0.27660664631672,3.29807155443337e-06,5.5529685426164e-05
"YJL163C",93.4020957021146,-1.2820347017145,0.304252918333639,3.34605939696326e-06,5.61824573677439e-05
"YML009C",77.462993976413,1.41475992456949,0.337576083934335,3.56798319751328e-06,5.97441142550644e-05
"YPL222W",133.159272063195,-1.26517155684941,0.301728040451632,3.70855967964929e-06,6.19278664314039e-05
"YAR002C-A",79.7375820992472,1.34427009123654,0.321490211050683,3.76315984664054e-06,6.266792148982e-05
"YGR079W",94.0235097726226,-1.30290072264818,0.311406190699586,3.77827174961118e-06,6.27481370950413e-05
"YKL197C",52.1039568043091,-1.42768516222635,0.344224398355948,3.78877219048253e-06,6.27515394048669e-05
"YIL071C",81.9353459643965,-1.2936628577958,0.30660642550778,3.80566142736032e-06,6.28604509478621e-05
"YDR487C",247.623715135122,1.01623282837128,0.236936654529791,3.90502298635259e-06,6.43273381130244e-05
"YDR472W",78.7278058107538,1.33672485118841,0.320512628696075,3.97057541008236e-06,6.52308817370673e-05
"YOL075C",78.3482660531441,-1.26468683053013,0.302664864521153,4.05783363848043e-06,6.64852043724146e-05
"YAL067C",47.9581303252899,1.4297126979817,0.344881925292254,4.20028532305809e-06,6.8451173914543e-05
"YDR500C",151.4196002989,1.08567304638408,0.255287264601584,4.19136022828121e-06,6.8451173914543e-05
"YOR337W",106.268072437455,-1.24783046761286,0.299952319075645,4.51852928468899e-06,7.34411626404784e-05
"YNL264C",35.7813401638707,-1.5575240988992,0.381865695295124,4.70244819832459e-06,7.62271855552882e-05
"YPR191W",585.717499314839,1.05813523515244,0.250339828611006,4.81251486658537e-06,7.78044512250341e-05
"YOR288C",37.8132490511451,1.55732524466563,0.382742661180515,5.44347138518503e-06,8.7772375906621e-05
"YOL109W",430.478985087395,1.55705401934063,0.385655977999047,5.77371058666091e-06,9.28516253976207e-05
"YLR278C",156.813243464301,-1.04349273697655,0.249314720566693,5.96288100230397e-06,9.56414729185335e-05
"YMR175W-A",53.7532107143013,-1.66831740934539,0.4151028195092,6.14087752409143e-06,9.82379225966857e-05
"YDR226W",260.780800774833,1.06107208576716,0.254651077660543,6.1858103915203e-06,9.86976815086813e-05
"YKR066C",161.16352958219,-1.27535964893939,0.312981155072231,6.40301825509327e-06,0.000101896595991628
"YDR524W-C",431.716841433756,1.09155752437767,0.263091880984134,6.46884282556199e-06,0.000101930639841461
"YER048W-A",47.5124215243877,1.40303868370066,0.345931121697476,6.48877576021116e-06,0.000101930639841461
"YOL077W-A",293.960902556602,1.40651978143392,0.34727126046051,6.43952170451935e-06,0.000101930639841461
"YPL123C",102.350949581627,-1.26190168297901,0.309317900092657,6.44120151899304e-06,0.000101930639841461
"YJR120W",101.807875621589,1.13992258958128,0.276082009299401,6.54663791032147e-06,0.000102575213530615
"YDL023C",47.4071090615919,-1.49371579964187,0.375696833512997,6.75437212305832e-06,0.000105288741918262
"YBR052C",136.549233926547,1.09326660219526,0.264467688131219,6.90354002071561e-06,0.000107339480679239
"YBR084W",77.8536716651173,1.25366844952239,0.308119302741762,6.97076115645368e-06,0.000108108878495128
"YNL096C",123.496018238395,1.1042495270634,0.268029523879275,7.11860318145673e-06,0.000110121539063398
"YJL084C",114.79360480912,-1.08743285517257,0.263724867305491,7.21957146690339e-06,0.000111400729343737
"YHR202W",74.0393671561333,-1.27304526031663,0.315515411581061,7.24741580877666e-06,0.000111547978167914
"snR49",63.7721400734724,-1.59049376338323,0.405043004209294,7.30264116821033e-06,0.000112114856222272
"YGR043C",100.977973554554,-1.18048452613459,0.288563307389503,7.41618327838585e-06,0.000113571952466738
"YER010C",58.3259396214558,-1.27026055329134,0.313591596632522,7.75698808627101e-06,0.000118197105964555
"YDR064W",301.157322420602,1.0331403117822,0.250644496489385,7.85606349370504e-06,0.00011940824686816
"YLR264W",38.1524354839375,1.61929523848445,0.40864407159762,7.95584074508382e-06,0.000120324688191776
"YNL302C",103.015693975453,1.22073674535073,0.301502606315699,7.93989546835092e-06,0.000120324688191776
"YGL148W",106.210218707038,1.16246393697766,0.286427955586621,8.22555115761054e-06,0.000123484567255262
"YNL113W",43.5108265513044,1.39554248492293,0.348885349143157,8.39264005845803e-06,0.000125683393504427
"YIL074C",69.852610056773,1.32670118458444,0.331773534246753,8.47667898088466e-06,0.000125706468098521
"YKL164C",49.3643181597131,1.35168488397397,0.3372783921492,8.41539498303746e-06,0.000125706468098521
"YNL144C",112.655072225617,-1.1188865294257,0.27440831563745,8.45742963432223e-06,0.000125706468098521
"YOL052C-A",581.767646961323,-1.25841899518374,0.312879935636322,8.45705867139379e-06,0.000125706468098521
"YJR151C",47.7992053453135,-1.36106414050621,0.342381071135304,9.09921557292336e-06,0.000134610968245068
"YML054C",365.809353852882,-1.05002618949475,0.257779454834001,9.52758867836589e-06,0.000140606907977337
"YGR008C",183.415685490341,1.49273695692052,0.379838460727399,9.65581790149866e-06,0.000142155096883175
"YFR010W-A",51.1027874272142,1.58833277506588,0.405406807138188,9.87635135868442e-06,0.000145051473569112
"YKR021W",98.7315090089237,-1.12916435770635,0.281290771382356,1.01835079769202e-05,0.00014920307961377
"YNR022C",56.6491776163032,1.55447951980009,0.397057785111612,1.03199125488993e-05,0.000150839009557652
"YBR191W",83.5460720693081,1.23967924500864,0.31187895729421,1.05239180724626e-05,0.000153452824525502
"YFR042W",24.0730971386861,1.85933231856144,0.483897180352719,1.0617684727364e-05,0.00015445056900545
"YGR225W",18.8351821619233,-2.00425798508556,0.517117416129944,1.07558258768137e-05,0.000155619872491064
"YLR045C",36.7942306151663,1.52601781149087,0.390455885440488,1.07746654948694e-05,0.000155619872491064
"YCL074W",15.5332617061146,-2.13951832186854,0.556546469185705,1.12038336452199e-05,0.000161435853587743
"YBR173C",117.350044992403,1.0776456616819,0.26811986251124,1.13433191228246e-05,0.000163060212390603
"YDL021W",197.561804252803,-1.08963377455136,0.271261380677306,1.14786760594007e-05,0.000164617719016582
"YDL166C",23.8267570884993,1.77006187454023,0.459117421938607,1.15968248121874e-05,0.000165921707113339
"YOL132W",27.638136538111,-1.68675265497015,0.441355854006571,1.163003455576e-05,0.000166007167722148
"YGR148C",123.841495866369,1.11091437422627,0.277607218550301,1.18293080072896e-05,0.000168457084823435
"YJR077C",764.163586755748,1.10914506069024,0.278066623987648,1.21945213880046e-05,0.000173253165174564
"YJL193W",42.2013275049902,-1.43216474704457,0.369306388095998,1.22261520453131e-05,0.00017329859701438
"YMR058W",59.6987068478437,1.34768089432525,0.345759705823118,1.2587221832289e-05,0.000178002591804644
"YER145C",57.4841387121937,1.41050994729892,0.364468547076086,1.26208230194257e-05,0.000178064621072685
"YER055C",74.7271727600701,1.273144613873,0.325290514444612,1.27089615329356e-05,0.00017889404282504
"YGR085C",74.8680320958892,1.17302861818791,0.296474108140618,1.31632404924299e-05,0.000184861637791152
"YOR349W",72.9720593329307,-1.18970852993567,0.301640327117465,1.33599276125127e-05,0.000186335832490308
"YOR356W",65.2370314370869,1.24212742274954,0.317008606471057,1.33543941261042e-05,0.000186335832490308
"YHR078W",74.8936156691278,-1.18018652044511,0.300627275781658,1.37777736941475e-05,0.000191724955858057
"YCL026C-B",30.8787909352628,1.52219322538634,0.395695002820749,1.39005454360642e-05,0.000192117515720661
"YNL069C",224.666527867348,1.16713928585158,0.296784014878696,1.38944001445613e-05,0.000192117515720661
"YDL192W",166.186552364591,1.0127474415715,0.253261311698618,1.41114913981102e-05,0.000194591719618737
"YLL060C",78.3304108386804,1.20748495323526,0.30876165476557,1.43653535792256e-05,0.000196790581769032
"YOR010C",19.647520329612,-1.97747608033125,0.521713620250961,1.4367811138182e-05,0.000196790581769032
"YGL102C",497.983042997002,1.05042871039063,0.264582923155381,1.44978778918134e-05,0.000198126829037226
"YIL160C",30.7356430104884,-1.61370224294301,0.425299232108365,1.45996712769984e-05,0.000199071580387707
"YER141W",738.653072287477,-1.14229808525846,0.292313416314535,1.51606887778254e-05,0.000206259817189388
"YPR132W",172.988212600829,1.06973086920305,0.271005800330988,1.55004231478349e-05,0.000210412202864263
"YDR363W-A",73.3409089319187,1.51237878766902,0.397124946310296,1.60436989831832e-05,0.000217302989561115
"YFR022W",36.6481776694754,-1.51884800886747,0.402960905515294,1.65364379568755e-05,0.000223480242454892
"YFL021C-A",40.7372950335569,-1.41053733583161,0.371548534973455,1.65796896330485e-05,0.000223569044941218
"YBR056C-B",16.7172868542488,2.06312862399548,0.554034895342612,1.72281350123549e-05,0.000231289609912562
"YGR240C",658.795939582238,-1.07543165494211,0.275485787263177,1.75602934985774e-05,0.000234797881267927
"YOR230W",154.260834254932,-1.24752752837681,0.326021265384034,1.75665026838679e-05,0.000234797881267927
"YIL072W",30.2323710536947,-1.50554575718242,0.399545815780607,1.79674317480838e-05,0.000239631283379804
"YHL024W",54.6655035701765,1.29719522042421,0.339509961292257,1.81843976817208e-05,0.000241995423297135
"YBR043C",63.5125859851485,-1.19500312946166,0.310624302397077,1.83134947969423e-05,0.000243182463589026
"YEL054C",106.155054315768,1.30591450115874,0.343057651228571,1.88635027998669e-05,0.00024939923983772
"YGR161W-C",35.857511362415,1.44204727783303,0.382225711907388,1.91538185386932e-05,0.00025268944587302
"YBR240C",22.7094631701795,-1.73347687734152,0.468908658206863,1.96715874481735e-05,0.00025895966629939
"YPL002C",67.9863624381742,-1.30341242554631,0.345025177296583,2.01635671697314e-05,0.000264864098921364
"YER101C",43.5639147496765,-1.44253753966065,0.387931444856788,2.03477605759536e-05,0.000266136482211239
"YKR061W",69.6064676045076,1.2780434030513,0.336556133882455,2.04494189116807e-05,0.000266893379586068
"YCL049C",49.586774910753,-1.2984564817645,0.342174727410898,2.15035776830102e-05,0.000280051935850315
"YDR046C",18.8532479764957,1.91097196957422,0.520979003085486,2.16119745120827e-05,0.000280863506718857
"YDR475C",90.9149322557729,-1.0976520625702,0.286017841698817,2.20311738678711e-05,0.000285702137712073
"YLR300W",413.090141893517,-1.13701610195552,0.299181041508168,2.23484898016487e-05,0.000289201794779297
"YHR052W",58.1531877729269,1.2840335229262,0.33866713838916,2.23976682183932e-05,0.000289224126676073
"YNL070W",76.0859715085197,1.14915003940333,0.300142484326508,2.2453322974969e-05,0.000289329817193311
"YKL170W",53.998563873254,1.23292259092637,0.324032756741715,2.27259951375685e-05,0.000292225612581182
"YLR039C",85.3315396270267,1.25924457704641,0.332098937451922,2.27961651082437e-05,0.000292510792283675
"YDR262W",137.423791613285,-1.0394499201379,0.270317980973158,2.31389674483814e-05,0.000296285728146816
"YGR023W",45.7558659783864,-1.37995112337935,0.372359071590087,2.33008509315623e-05,0.000297110222652452
"YJL074C",94.4914475752989,1.32983147732492,0.353352339849712,2.32596400123319e-05,0.000297110222652452
"YNL065W",64.6093903209178,-1.2647381775757,0.337002485771458,2.42161403123214e-05,0.000307494531674164
"YKR094C",69.5446925095714,1.16024338538315,0.304681913901319,2.44654426624695e-05,0.000309371105866704
"YCR061W",26.7839264470619,-1.83815546334279,0.517441573475397,2.46417266557678e-05,0.000310952037619242
"YOR030W",93.5859470530952,-1.11555994885262,0.29268829061014,2.511547245045e-05,0.000315626401207201
"YOR369C",456.068027440606,1.01204707163229,0.263377456732053,2.59161890214765e-05,0.000325018872604731
"YIL070C",116.678638265628,1.00415117887564,0.261076909100823,2.65644150497144e-05,0.000332464291022607
"YKR013W",48.0776628674622,1.47896285927522,0.402907680565195,2.67457694204994e-05,0.000334048083233492
"YKL215C",68.2031416324925,-1.25884604551548,0.340160701722874,2.78012881045831e-05,0.000346521167683914
"YBL043W",74.0485488448637,1.24187243925643,0.332211531493537,2.79383718166611e-05,0.00034751913514806
"YLL062C",25.0133175188626,1.62797327970361,0.446071626483496,2.80224724604384e-05,0.000347855335328661
"YKL038W",172.455114490792,-1.09165083237951,0.289591267216595,2.86802980487389e-05,0.000355297594729804
"YCR091W",33.712719363686,-1.5159329628776,0.412070115236462,2.96110042114425e-05,0.000365342248317291
"YOR293W",154.543261914575,1.17357061858519,0.312817893176481,2.97343213835058e-05,0.000366122603701955
"YGL131C",107.376665544785,-1.02338027819014,0.269693850254845,2.99748222452316e-05,0.000368339801582029
"YBL059C-A",95.8194503014605,1.16192829331532,0.310066021114328,3.10216301955557e-05,0.00038043628982276
"YMR320W",15.8173051344865,-1.96273618484548,0.54809647731966,3.18239157655981e-05,0.000388710955092826
"YDR025W",76.5320975670017,1.11396184293112,0.297339909229369,3.26246092967985e-05,0.000397693987327974
"YMR174C",76.8672708562177,-1.54120446730865,0.425184000437857,3.290078566148e-05,0.000400260057099243
"YJL048C",156.071544649107,-1.12345426557221,0.302395542513351,3.29988826204638e-05,0.000400653764087105
"YLR007W",71.7515183653544,-1.17218674346909,0.316476545531119,3.32576719450159e-05,0.000402193473223952
"YNL271C",331.059977643559,-1.06493471389391,0.283255631249442,3.32121026299877e-05,0.000402193473223952
"YDL184C",114.079538135087,1.14071624344202,0.307296947358646,3.53369348316706e-05,0.000426492312473331
"YPR121W",15.6282727168134,-2.02494016832846,0.578764300730467,3.54992869493022e-05,0.000427605047343867
"YHR096C",35.0376043488703,-1.42197816161631,0.393900361824573,3.59805819147401e-05,0.000431696155059726
"YJL200C",80.8744975414612,1.2070105461492,0.328467774898333,3.59715408110959e-05,0.000431696155059726
"YPR020W",262.369157386061,1.1467687425234,0.309318431379736,3.63902672831593e-05,0.000434899370766384
"YOR062C",33.6500275032927,-1.3972254957434,0.386738107127572,3.73321774698268e-05,0.000445283016983551
"YDL029W",93.1957388703513,1.08943192774324,0.293437115930419,3.7999987207661e-05,0.00045041630431682
"YLR134W",390.752107656935,-1.07874888991452,0.291100097637447,3.8089210482775e-05,0.00045041630431682
"YMR158W",35.3854834687816,1.59888337638164,0.447069131413315,3.83245578224246e-05,0.000451814661368816
"YMR009W",61.6029805949656,-1.27380889770935,0.347495599203853,3.85126163294308e-05,0.000453155205652279
"YBR091C",24.2802293702549,1.56035674274631,0.437265718843552,3.94901888209569e-05,0.000463762429409889
"YPL206C",192.589892844655,-1.03472941322632,0.278842641996037,3.9618946154133e-05,0.000464379763095079
"YDR354W",30.7043609654914,1.44540101377004,0.403279188621295,3.99710782610809e-05,0.000465255447273839
"YHR131C",81.289229834214,-1.19211318743759,0.328295581430074,4.01838392997285e-05,0.000465255447273839
"YIR017C",39.380714837174,1.37320455004344,0.382553551803256,4.02590274688212e-05,0.000465255447273839
"YNL006W",60.2400774149468,1.13545010661368,0.308078649716361,3.98677752135007e-05,0.000465255447273839
"YBR069C",22.827737487912,1.6453661829377,0.465606405273622,4.08539445716437e-05,0.000468935578463593
"snR13",71.315482873095,1.44083404018258,0.405932900449569,4.12913880343695e-05,0.000472178255289836
"YLR058C",114.375985906419,1.00370662557396,0.269172986241024,4.20799540202474e-05,0.00048029460627979
"YIL059C",44.3214793197717,-1.48376209410371,0.418846704106138,4.41941433586056e-05,0.000502543477184144
"YLR264C-A",52.4952559600869,1.29305573585184,0.358423819328484,4.41684766909112e-05,0.000502543477184144
"YOR161W-B",12.2761124214847,-2.31272610216826,0.665121056740733,4.48307413428094e-05,0.000507887302015656
"YOL120C",109.871566676654,1.03919215070468,0.281923196829113,4.5608962372051e-05,0.000514790047514168
"YOR128C",78.5922049730725,1.15080348139505,0.316240574736717,4.5945880779304e-05,0.000517634276062584
"YDR225W",133.615296129787,1.1735064489012,0.323980628783502,4.63792830334867e-05,0.000521553007544468
"YHR065C",22.5194905975587,1.61820989001634,0.458781758371174,4.65737592245933e-05,0.000522775437336825
"YDR033W",1068.35915388325,1.05040877604651,0.285700675798233,4.68661841023352e-05,0.000525090794308333
"YHR143W-A",24.6500228009494,1.53642345404129,0.435716533836825,4.7285678954319e-05,0.000528818739865274
"YGL008C",3706.21526981427,-1.00805906728566,0.273782684331228,4.87629427000158e-05,0.000544340907979114
"YMR155W",92.1794071055378,-1.17137461322942,0.326345122573662,4.89177007224959e-05,0.000545070175326531
"YMR194W",65.1848876650882,1.14821173388425,0.315971005660381,4.9543036517134e-05,0.00055085483015672
"YOR363C",46.6477241978733,-1.21977671032594,0.339361566576124,5.04301657549031e-05,0.000558187713908426
"YER056C-A",82.6987709190247,1.24904604921147,0.348473703588557,5.15453614644881e-05,0.000569146699503723
"YDL138W",56.2581112596446,-1.22078578114988,0.344237568772269,5.30057632053761e-05,0.000583190665060934
"YNL242W",106.064964056509,-1.13322576019507,0.316106628051251,5.30086346913466e-05,0.000583190665060934
"YPL135C-A",85.7361049991468,1.05740028768003,0.290785888273968,5.31916442132733e-05,0.000584149678342164
"YPL189C-A",101.745939326466,1.10082581489104,0.303845902646544,5.42294335790296e-05,0.000593408254334264
"YNL281W",85.6441481607252,1.06424409997732,0.292555825216976,5.46917945635774e-05,0.000597395139543019
"YOR009W",10.349393528115,-2.51105443179881,0.730933331867879,5.51935677661263e-05,0.000601797487539427
"YBR208C",628.558750248646,-1.20969150284516,0.340894637845281,5.629576431704e-05,0.000611626886831299
"YOR198C",115.094657406545,1.19124166327756,0.333077028568386,5.64197271728011e-05,0.000611882984196125
"YMR203W",121.967762305766,1.0314931951247,0.28441419483522,5.75507322439879e-05,0.00062304034285454
"YGL251C",36.2327380309878,-1.33022725046035,0.379761349529454,5.7932867388871e-05,0.000626065295629732
"YMR001C",26.7079738784173,1.45251066027978,0.416351384147477,5.85110703300369e-05,0.000629608226645943
"YNL327W",53.8296628353592,1.24942377392077,0.353518538169511,5.84405475620463e-05,0.000629608226645943
"YKR080W",76.6955482703491,1.10194321541231,0.305922488736789,5.89770937712547e-05,0.000632861596013728
"YJR010W",51.3530198993271,1.33020660292,0.380998724993191,6.06385490239142e-05,0.000649546496134898
"YGR191W",83.0212421394471,-1.03560690767303,0.286420976615661,6.14250587369393e-05,0.000655666782840008
"YOR344C",324.289588440304,-1.16407406808079,0.32725206540672,6.16290894139317e-05,0.000656694580380967
"YJR155W",67.0037936358239,1.09859782249085,0.306945365131271,6.21708832797698e-05,0.000660666580838915
"YML090W",67.908270239861,1.82384951250829,0.542537209432384,6.2218641083107e-05,0.000660666580838915
"YDR400W",50.3218863393594,1.17642060612063,0.330868593516938,6.23629091229177e-05,0.000661046836702927
"YDR447C",88.9641194640599,1.06576836544618,0.296991728863084,6.65099617436361e-05,0.000702561900914146
"YCR037C",63.245236794684,-1.14437953408362,0.325269866431428,6.76672446542564e-05,0.000713549924165559
"YIL148W",101.381463733377,1.01233993621025,0.281780205745253,6.84146942071442e-05,0.000718944071021628
"YGL001C",152.386362127935,-1.18071348461239,0.337753399627051,6.87871554978681e-05,0.000721613963441491
"YEL020C-B",37.4065129857503,1.34001977428392,0.385106501679647,6.93322361894142e-05,0.000725555229910849
"YOR107W",52.9019757593078,-1.1911995164712,0.339270981723823,7.1304904952892e-05,0.000744183896725816
"YDR135C",448.448681719347,1.13141316227064,0.321663050049899,7.40153537721829e-05,0.000771151420925564
"YBR238C",51.3844298940814,-1.28361142944122,0.372332747164522,7.66145096341747e-05,0.000796869345085827
"YLR194C",40.6433558733848,1.42548028227669,0.420898324539825,7.8420155601564e-05,0.000812875592502607
"YML002W",54.9320905886766,-1.19531335048395,0.345383008276736,7.84066970856927e-05,0.000812875592502607
"YNL142W",1303.21008272465,-1.10876973818788,0.316820683155851,7.93852771537397e-05,0.000821482621820107
"YGL012W",146.556598410292,-1.22967793405043,0.357522004947307,7.96615344210135e-05,0.00082294415643403
"YCL026C-A",6.90662611634939,4.48659377250367,1.39597048335507,7.98306591233135e-05,0.000823295883852108
"YNL277W",117.630800890818,1.03972677973896,0.294682476056466,8.18333370738136e-05,0.000841883067518354
"YML104C",57.5420793432889,-1.08718604830414,0.311283091193816,8.64874402332604e-05,0.000885951173481886
"YKR085C",50.2736617248753,1.20310721690734,0.349047227323929,8.85005017875209e-05,0.000903452998196038
"YER028C",27.5897636638094,-1.4572704209807,0.431179957881399,8.98119147341999e-05,0.000913862471293736
"YOL136C",139.329334508908,-1.10188785529111,0.318321597334211,9.0361625508685e-05,0.000916750576884407
"snR67",8.740913570193,-2.66043045103828,0.800316625259685,9.10294919826089e-05,0.000920107385794364
"YOR257W",55.5436808106805,1.38559438799766,0.411086409945091,9.36954344456071e-05,0.000942365796940554
"YML125C",72.0800112600073,1.10123038901042,0.318916073587201,9.82114746072756e-05,0.000984537726531817
"YDR508C",16.5605757002724,1.75077174618771,0.53519721004608,0.00010095987743716,0.0010087712343926
"YDL161W",84.2983707069663,1.3933411861078,0.416972420431949,0.000102211369402381,0.00101955750257662
"YMR199W",20.2456838629708,1.65433305239025,0.505191553896464,0.000102541222162341,0.00101955750257662
"YMR086W",128.645605644384,-1.01267086728837,0.290017823536171,0.00010443114117211,0.00103497204137238
"YLR294C",125.129265430525,1.37660079700838,0.413081842157789,0.00010496182856093,0.00103854276798518
"YML123C",26.1723608373083,-1.39384053568314,0.417695920095998,0.000105785964573996,0.00104500073594571
"YDR243C",42.3778568637132,-1.21289169107574,0.357791358111663,0.000107001069828902,0.00105488031103139
"YJL035C",51.5345423288599,1.3220403155177,0.394207662246686,0.000107132225189242,0.00105488031103139
"YOR096W",164.752612927242,1.03168852753533,0.298110589016521,0.000108501204842469,0.00106663684437879
"YGR181W",32.3650359291455,1.294995918285,0.385522340616818,0.000109643313631374,0.00107444232080056
"YLR304C",1269.83803975182,1.04552083209334,0.302931749582848,0.000109647764321239,0.00107444232080056
"Q0255",27.4298079498194,4.25041884262504,1.42689629374262,0.000114487112782671,0.00112006252393319
"YOL121C",70.9663800933316,1.07325161274192,0.314786507189606,0.000120488005983813,0.00117499903435414
"YNR021W",48.1207629843263,1.13726795948146,0.336071215582964,0.000122249025151332,0.0011902680643728
"YLR183C",8.87114908451044,2.6389178201046,0.815231172504826,0.00012310434410654,0.001196684174369
"YGL116W",38.6850499465675,1.24280439453243,0.372218244777452,0.000124256752338266,0.00120596322532123
"YMR256C",558.539052167075,1.09572994335718,0.32319571937054,0.000126435441542928,0.00122515741844856
"YDR299W",45.9465928189909,1.42161811469383,0.434028355372509,0.000128766461592579,0.00124576441810598
"YBR048W",60.7428188467877,1.21842149249048,0.366580898144708,0.000129288444210155,0.00124883211958937
"YBR256C",114.757665460851,1.00246807761251,0.292018151585825,0.000130742876853372,0.0012608826494008
"YAR035W",7.90782045024046,3.31716760755529,1.00973102536781,0.000136238449701577,0.00130973714657904
"YOR127W",64.0534700827909,-1.04544996145733,0.309100073815735,0.00013975673749849,0.00134144459063511
"YDR519W",54.5219936240132,1.08826796040866,0.323989354258418,0.000142756765597522,0.0013637970004967
"YLR214W",46.0311652068784,-1.1390655781312,0.342736859140844,0.000142543488458532,0.0013637970004967
"YIL060W",31.826874753023,-1.33500853141061,0.408259258015657,0.00014572556919075,0.00138780835034003
"YGL078C",83.0694667767661,1.06599291864884,0.316346102282278,0.000146268241377126,0.00139080332479498
"YOL039W",89.2312913196664,1.14591216655831,0.345474796976485,0.000147046089707566,0.00139602167720812
"YOR005C",65.0756115940374,-1.05737999205747,0.31568367701969,0.000148552121673652,0.00140812625443376
"YLR448W",96.4819254857144,1.01317303054508,0.299479144795985,0.000149608072736042,0.00141593354553754
"YOR387C",6.008598931716,-4.3511174176547,1.41452554004026,0.000155221310012426,0.00145999056253972
"YPL229W",60.1478633351109,-1.05736244157526,0.315049041566175,0.000158479262722191,0.00148604785583347
"YBR071W",35.1237135041029,1.33766893697894,0.416417637948973,0.00016067681879206,0.00150433980113303
"YBR082C",254.323005122352,1.11795366192374,0.337694269605102,0.000162278813549381,0.00151468509737133
"YGR190C",21.6992063094476,-1.4792708466321,0.466000948322934,0.000162812776021416,0.00151734536674393
"YGL126W",29.9236559578048,1.35793380630031,0.424532016353673,0.000165908140605221,0.00154304221179953
"YOR222W",56.577165892709,1.09265976429483,0.330812706257005,0.000169861978970964,0.00157341757116721
"YDR273W",35.0670483339188,-1.42741511764405,0.44958198236948,0.000171862051057879,0.00158772736029028
"YDR438W",38.763872899195,-1.23788740603405,0.385047801513812,0.000172198864612694,0.00158772736029028
"YBR235W",211.487194621579,-1.00451250860732,0.301883462360801,0.000173173879202889,0.00158960059298435
"YGL263W",13.1101507909834,-2.05190711751303,0.684980007961336,0.000172977589429371,0.00158960059298435
"YHR131W-A",11.9532162945134,-1.96456844022621,0.635630409199724,0.000177118604848366,0.00162336525797111
"YDL130W-A",198.426512121125,1.33404764787498,0.418341643020253,0.000177953110501805,0.00162856487764039
"YIL138C",44.9015283530268,1.36390183515738,0.427162094954896,0.000179761419260467,0.00164018839879124
"YPR041W",48.3526276602244,1.10201089203793,0.336046626272746,0.000184810480256253,0.00167871814778221
"YPL245W",51.9810048971902,1.29828345918403,0.408374616014292,0.000187338722962162,0.00169915106615235
"YLR035C",39.5850156723004,-1.1744775432277,0.364185682075094,0.000191043276368248,0.00173017647765895
"YPL010W",68.5689526586635,1.01632154858663,0.307489808068796,0.00019384631460842,0.00175295739990849
"YJR135W-A",46.5462870378804,1.11835998953601,0.342368760227202,0.000194842838233291,0.00175935866523246
"YGL071W",75.3462005408257,-1.08068836614272,0.329258249434227,0.000196706797976681,0.00176833028564583
"YLR325C",250.719513180146,1.07085423734953,0.327121617895834,0.000200388388376501,0.00179349078877353
"YBR230W-A",54.3968061431013,1.20978486566469,0.375995154997397,0.000200928151630866,0.00179568487417907
"YBR262C",72.294789527066,1.02842443352276,0.312735242474025,0.000203841649460205,0.00181905542234253
"YOR383C",5.56035450879503,-4.19227679060197,1.40116570524847,0.00020484202331451,0.00182531013465196
"YCR107W",30.5282140986069,1.41031822202682,0.453990490992446,0.000206197814539522,0.00183470902134071
"YAL002W",52.1381640265585,-1.04043399827805,0.318240749272856,0.000211148972558962,0.00187602476347941
"YDR146C",6.82108412280368,3.71737856073374,1.12201719594603,0.000213343957149075,0.00189276771298924
"YBR117C",20.1110551232551,-1.51031442156435,0.487656888658777,0.00021793355366868,0.00193067588606192
"YJL056C",38.2718612324472,-1.17397846271056,0.367608692358034,0.000219649767209943,0.00194305563301103
"YER033C",62.8174777582149,-1.0677671457183,0.329666153753857,0.000224848114791299,0.00198328402265263
"YKR058W",54.8236965298977,-1.23344756119279,0.388109932693146,0.000224709573400142,0.00198328402265263
"YDR060W",110.695527255022,1.00487252062401,0.306772581156889,0.000226877215631374,0.00199828992669541
"YCR106W",50.9631105861537,1.17630963665379,0.370598720902122,0.000230905298646699,0.00202790748595335
"YJR122W",59.3712330734002,1.00629769093318,0.309401575695493,0.000239585336906287,0.00209508268069414
"YIL156W-B",48.7059174146643,1.07739675104989,0.335987834876133,0.000242670170027138,0.00211598667570158
"YDR090C",64.29128335539,-1.04213455631315,0.324597298887073,0.000246019565101438,0.00213907168230138
"YOL130W",77.4678571913634,-1.02727297642881,0.320199538214456,0.000251982423958045,0.00218779611684371
"YDR259C",34.5888517235579,1.48099955203231,0.486891966042507,0.000253830646027964,0.0022007080903847
"YER119C",17.164215316838,-1.71231536616865,0.578469825749049,0.000255511174141954,0.00221213154317502
"YCR034W",26.0705686299226,1.49746671058747,0.497186245751003,0.000257186185919612,0.00222248933468065
"YDR144C",14.6083974099455,1.72997653502582,0.576880713535254,0.000263414934066983,0.0022676751739241
"YOR019W",25.9190910363717,-1.3216634775205,0.428758850468875,0.000268869565732231,0.00231070186857034
"YDL180W",73.3495450501443,1.0064538532274,0.314469952295509,0.000276291310724478,0.00235853716927968
"YHL036W",54.4305440200316,1.29137550938864,0.423592353772304,0.000282142098734874,0.00240175431814114
"YGL147C",22.1723029974665,1.40573329568812,0.464255989249323,0.000288881528490111,0.00245227425647246
"YDR419W",44.7914722333437,-1.07231212168544,0.339644847858539,0.000293493168509452,0.0024879566927192
"YCR089W",20.9849691394824,-1.41447754687824,0.471473807716438,0.000307983383692339,0.00259994283047757
"YML022W",64.3500923102135,1.24564412628729,0.410938479571173,0.000318100252072808,0.00267055239171317
"YDR281C",12.4307989135834,-1.76348268765174,0.604882651357143,0.000322207835132426,0.00270131603181862
"YOR310C",31.2167000759929,1.24418703475876,0.407482043008395,0.000323714405825605,0.00270650110220447
"YBR033W",48.6178536061357,1.04790395231777,0.334642327832828,0.00032941174069754,0.00275036241034453
"YOR032C",99.0285318926891,-1.00964977983872,0.31937921824786,0.000332753361494215,0.00277446202230813
"YHR028W-A",14.8117560915842,-1.60835628697474,0.549492078166622,0.000339688396266137,0.00282601297420786
"YNL106C",23.0051061117714,-1.38199632318978,0.466182236456283,0.000339863414289477,0.00282601297420786
"YGR055W",10.0608974800326,2.01326596306825,0.697839132136292,0.000350717614387628,0.00291182818237688
"YFR041C",44.5923372910273,1.38464781185336,0.466506439448715,0.000358602555862686,0.00296564800269073
"YKL121W",57.3663646964472,-1.00718015697059,0.322527611150612,0.000360815169761125,0.00297990306191607
"YAL025C",27.7494011824868,1.31563646908925,0.437998115177746,0.00036327310277306,0.00299209400189432
"YCL012C",35.7982115914174,-1.20483383747643,0.402139042844742,0.000366092443046362,0.00300226531933009
"YDL036C",33.4424814872446,1.19843423590298,0.395167607187163,0.000366297269386214,0.00300226531933009
"YER067W",323.008023773571,1.02172139881618,0.327901253536153,0.000366478326100343,0.00300226531933009
"YLR009W",42.740859195095,1.17559596522034,0.385801027542167,0.000373499023440471,0.00305157714191645
"YDL101C",23.224418352464,1.34912194835323,0.455610016144099,0.000384677645371875,0.00313870180527654
"YPR110C",59.3908540819273,1.04453503322585,0.339089464770925,0.0004009184180365,0.0032494651036336
"YKL168C",49.4592952905862,-1.01002296370781,0.327554817596135,0.000411047305961446,0.0033183222911722
"YHR157W",11.4793856732718,-1.80133266381281,0.642256686940656,0.000420027337012996,0.00337294679722557
"YMR053C",47.4642139315945,-1.04193991171336,0.341605377900261,0.000422430085444893,0.00338777811945608
"YDR201W",12.3640211674838,1.73871278784765,0.612564299144632,0.000433911127038096,0.00345710891411398
"YPL256C",19.4029178951535,1.44227168820941,0.500302612948682,0.000436333224159546,0.00347186814784913
"YGL058W",57.6443465238417,1.02904549062308,0.33586033954308,0.000437519044726085,0.00347639645284295
"YFR055W",69.1898593673607,-1.15620975137189,0.392479479056265,0.000454280129846005,0.00359190667417924
"YDL049C",23.8932743023711,-1.35604707900288,0.466754072675486,0.000458267691650623,0.00361337850014301
"YNR002C",29.9928541984806,-1.28389536357488,0.441671207650016,0.00046080344167362,0.0036286782648588
"YHR067W",24.5578620767868,-1.30069617221965,0.450109961603548,0.000470106172852146,0.00368764108562912
"YPL018W",40.3451001553702,-1.07405144768362,0.358426842689796,0.000476781617168694,0.00373519788771618
"YEL053W-A",57.8032248055328,1.29868565845826,0.45111944391995,0.000484962370697832,0.00377985377161546
"YKR102W",29.1370022696841,-1.22677887413882,0.418184666055935,0.000484330773833156,0.00377985377161546
"YLR103C",15.9274162335374,1.51688294217042,0.534012831133837,0.000484430184259766,0.00377985377161546
"YLR435W",21.7505972512412,1.3479352476977,0.466856848305605,0.000499017857756408,0.00388443658113066
"YKL169C",46.0291104801603,1.02298617544956,0.338318390325229,0.000500483523919421,0.00389087637536846
"YMR087W",29.2954428882944,-1.20834746546891,0.413289794268098,0.000514547940736065,0.0039748665383857
"YBL059W",24.4938250533365,1.33399129329158,0.463332446010877,0.000518581692139142,0.00400095621973174
"YPL166W",30.6005469563429,-1.15275649715244,0.393295889956714,0.00053027488486131,0.00408084018084556
"YMR279C",37.5856709896541,-1.07407351384581,0.36361671628583,0.000538462307544249,0.00413862265382371
"YNL066W",48.9595958493771,1.05657843560766,0.356099732932335,0.000543090990473409,0.00416894154525872
"snR86",987.578980250971,-1.15623273041787,0.398797280960526,0.000549723377650567,0.00420925123967362
"YJL188C",298.927258378869,1.0583419729808,0.356772956098817,0.000556651817209741,0.00425162008257315
"YLR445W",6.99486213906053,-2.46769245889068,0.904724571696571,0.000572960260365255,0.00435979124460203
"YBL021C",32.2766537298285,1.11250888605866,0.37925228659362,0.000579173570065644,0.0043851713162113
"YFL052W",25.4827769140538,1.40361729848354,0.50699628177889,0.000578901281214948,0.0043851713162113
"YDR511W",41.2664036376092,1.06657364860806,0.360577577518393,0.000584451281028244,0.00439866128697285
"YHR013C",23.8826341245511,1.31973642993138,0.466985895090556,0.000583496818563948,0.00439866128697285
"YOL093W",17.2407680624555,1.46583636533146,0.523589974788116,0.000582710913212902,0.00439866128697285
"YPL013C",80.1287791797817,1.09309007481523,0.372453986488844,0.000585355027671482,0.00439918482571847
"YIL040W",28.4878587360605,1.20376324482627,0.41645810447423,0.000592019650287689,0.00444379281835402
"YBR089W",28.249421841719,1.19679840042274,0.418207650362765,0.000603924292557645,0.00450540827801573
"YJL145W",29.3084357351706,1.2343629449513,0.436831517811976,0.000624350778155527,0.00462946227841598
"YAL037W",10.2460719230705,-1.81918012059762,0.686752363764323,0.000634768313334723,0.0046895913573032
"YJR112W",15.6785258292542,1.47638217747412,0.535627241682012,0.000637690359106437,0.00470547547064617
"YOL049W",73.8193908347309,1.00357010662567,0.341481356641557,0.000648850682396622,0.0047705004936157
"YJL011C",11.4908647506168,1.80961678672437,0.677752061368979,0.000671534744951651,0.00491357055279749
"YIL123W",27.1308979929349,1.21524801173335,0.43119895312957,0.000678935060550706,0.00494989138045042
"YPL079W",88.8719982480318,1.00124952207392,0.341850106195407,0.00067848038849671,0.00494989138045042
"YCR038C",14.4214265906163,-1.52066401533025,0.557784858247336,0.00069361558939963,0.00505088054646445
"YKR077W",31.7218494092947,1.10495032119497,0.384198807203719,0.000697639078284652,0.00506806934701425
"YNL174W",23.163205162385,1.31950795104138,0.474568138677461,0.000709693747080314,0.00514338096130144
"YLR099C",27.7106521225747,1.2057014678368,0.429690461220583,0.00071394371076815,0.00516803671868394
"YPL119C",33.5360670708274,-1.07947482141524,0.377970197658797,0.00072124427223751,0.00520274894256392
"YLR212C",18.3726161142346,1.41054113335077,0.523556963091816,0.000751183265214683,0.00537378169188204
"YCL033C",44.1000744677018,-1.03524699982099,0.361461994961283,0.000753206642977895,0.00537563757488322
"YLR409C",47.5436008603508,1.02069178773321,0.35363172124571,0.000752903818771806,0.00537563757488322
"YLR068W",15.5940814323033,1.71768772981001,0.653730724624936,0.00075458020508491,0.00537914192981582
"YNL194C",53.8383212349631,-1.02832990432835,0.35669692905747,0.000783601459041224,0.00556001268085711
"YLL011W",25.5478625928656,1.18046345843754,0.422116616825516,0.000805625710621847,0.00568801979589491
"YGR113W",26.0326343774556,-1.16878696765481,0.420223864109709,0.000841626827174445,0.00588945523723105
"YNL269W",8.96921301761576,-1.94503521344712,0.763000813307199,0.000849614762119597,0.00592885695326956
"YGL229C",29.9861922692943,-1.15471089440117,0.414765689433559,0.000871688328786594,0.00605808479356248
"YMR316C-B",19.1830230699711,-1.37065002293893,0.51972289288276,0.000875007869237014,0.00606731850170603
"YOR210W",48.0353941428771,1.00479335184849,0.351890950237943,0.000894634536445606,0.00617530860660925
"YDR451C",24.8489332411809,1.21195407930886,0.444805341366215,0.000906586608918393,0.00624366709757922
"YKR019C",23.9499836078526,-1.16982374524836,0.427127959168777,0.000920703763235317,0.00632555504591124
"YIR030C",31.6169143702865,1.06667304299686,0.380567561539019,0.000926524369848414,0.00635226775503497
"YKL096W",31.5920334746997,-1.15711875294633,0.423693207976995,0.000927654708034728,0.00635287128704681
"YNL114C",23.9135951528874,1.18446039332922,0.431367204191056,0.000930931597813367,0.00636815722634396
"YJL148W",40.501177625484,1.07685300860866,0.385360922193053,0.000951642081538403,0.00648798488476126
"YML097C",32.8237566623197,1.08229331486226,0.38820728274595,0.000953759261544469,0.00649515385375814
"YJR150C",2.59141979816198,-4.31006583703166,2.56586773092259,0.000989214428327506,0.00672158521812279
"YLR146W-A",15.6543968948299,1.48819341929388,0.574139340078639,0.00101689863913783,0.00687139379772182
"YML089C",12.5657138604845,1.59987342576561,0.626696012060422,0.00102473862033934,0.00690905076434547
"YLR390W",33.5616591888306,1.10784933461567,0.404474222206019,0.00104012017733319,0.00699727646892474
"YDL109C",12.0391466585821,-1.61883541504444,0.655637758973398,0.00105231119985846,0.0070589104868649
"YOL015W",22.0344279764292,-1.21182318355162,0.450978387167161,0.00105858402076415,0.0070901863808324
"YBR088C",37.9537875584969,1.02515970766979,0.371045824327219,0.00110248974559883,0.00735999452291882
"YGL234W",64.226292980951,1.01114906860166,0.367834015730916,0.00112581206775153,0.00749107483946026
"YLR173W",30.2418485923855,-1.10592779956063,0.414590796223552,0.0011550091133464,0.00766026174738442
"YOR100C",32.0034265798408,-1.10375309966634,0.414504083446065,0.00116631099585849,0.00771004937066977
"YJR097W",13.7819482348692,1.48097014512226,0.585285728866442,0.00120118906335918,0.00791486199045856
"YNL276C",44.1896937141023,1.12540915822126,0.425651930419747,0.001244423694137,0.00817323536181574
"YMR039C",67.8556787098353,1.2188109298307,0.468709089632841,0.00125789970282551,0.00823512211463105
"YJL213W",17.5769203867816,-1.30615032247312,0.515307574653435,0.00129625947396356,0.00843191194643317
"YKR098C",28.6145644026735,-1.10240749546435,0.416179612903718,0.00131093482517989,0.00851828119346633
"YDR324C",31.0167230100813,1.05467000801329,0.393126974111321,0.00133859444765295,0.00864272580343722
"YDL085W",32.4950316416796,-1.14212954108367,0.444495073573792,0.00137842992718559,0.00885518214075924
"YCR068W",23.0337666455134,-1.25348759878561,0.502408859620541,0.00138184472737484,0.00885630243254433
"YOR081C",38.9734555937224,-1.03201635595253,0.388985030687555,0.00138593493637723,0.00887318638363361
"YOR225W",24.4447303402273,1.12279125013828,0.432493255255586,0.00149030604135185,0.00940470059743763
"YBR279W",60.8902130457242,1.10815808944766,0.425195843649069,0.00149269604615195,0.00940846163525971
"snR55",8.7351977221289,1.89907645957846,0.829030730885947,0.00155403643639537,0.00970476647523543
"YBL028C",38.9348783148432,1.14598783719231,0.445921134471693,0.00157604864713939,0.00983215609448782
"YDL144C",30.403938817661,1.1004219771846,0.42751973456321,0.00158543747001376,0.00987727489720347
"YBR056W-A",24.8364454715446,1.23654568687216,0.500242004582531,0.00164772910576932,0.010247866224147
"YMR236W",32.1341537048378,1.00206954637056,0.380412121524678,0.00165307074859129,0.0102601488927331
"YFL053W",6.32724380121573,2.15356134654047,0.929866122601578,0.00168682235189694,0.0104165980089279
"YER038C",31.1549415725934,-1.09358805556675,0.428199824275094,0.00176451427824401,0.0107512161179606
"YER102W",37.5677194152731,1.02109356010944,0.391701646467349,0.00175733906168626,0.0107512161179606
"YOR095C",19.9228953779352,1.18465691997636,0.472896023307104,0.00176489523359826,0.0107512161179606
"YCR045C",10.2563214427008,-1.58566148805496,0.68124905186844,0.0017822072957013,0.010819276361852
"YCL075W",5.2705677774525,-2.5418135808005,1.10686328873203,0.00180416375892703,0.010903834526119
"YHR160C",27.587634105115,-1.05020359558861,0.407631401931748,0.00180839975276534,0.0109130658347572
"YML129C",66.5788567524868,1.0096690550756,0.389200914549456,0.00184177783626875,0.0110665375922309
"YDL045W-A",35.5543025893896,1.20578407761729,0.488121522058643,0.00185293457993365,0.0110939452501921
"YGR121C",31.3540478630422,-1.05406928541044,0.417607460761006,0.00186647845010448,0.011153123679791
"YLR232W",6.51034179184259,-2.01550310005119,0.885527596191916,0.00186500937488314,0.011153123679791
"snR76",5.19063024400102,-2.5067068520563,1.10401088772259,0.00193318423202464,0.0114618267453212
"snR14",128.009391272679,1.09829668249652,0.442088170041468,0.00197030972167668,0.0116705906254804
"YHR059W",41.8811089897801,1.09120932442228,0.433215723594875,0.00198366993422666,0.011726933316306
"YKL138C",17.981397225402,1.31294478827785,0.547608821381118,0.00202452939238705,0.0118763297849847
"YER011W",4.47416044524534,-2.8846085351901,1.25000342070321,0.00204561741815858,0.0119540154972929
"YDL085C-A",9.75760465039875,-1.54617459134744,0.674429749091614,0.00210552299198024,0.0122337108065964
"YIR024C",30.229351531698,1.18495437882407,0.48637632558037,0.00211240649445091,0.0122620167463603
"YER050C",71.0754000212129,1.09000777204867,0.439299311131068,0.00214718183354524,0.0123930618138809
"YPL158C",35.9084531730673,1.00724837867729,0.397155066569376,0.00220550470178333,0.0126816520352541
"YDR126W",20.0275104720153,1.13482550411423,0.464677249247207,0.0022312388649281,0.0128054622238576
"snR45",767.335362344385,-1.0357847953732,0.418630278549021,0.00225138998520007,0.0128966009811535
"YDL121C",21.8493766372561,1.12509854077516,0.458656839996545,0.00225275039763119,0.0128966009811535
"YDR320C-A",45.5990764615688,1.03191643640529,0.41218095494596,0.00225346678341731,0.0128966009811535
"YDL059C",30.1449309417363,1.0502382677399,0.421484050899373,0.00228451966610102,0.013062051937041
"YPL273W",37.7799068013677,1.00570937608275,0.406810817525862,0.00243764700984897,0.0138595695196171
"YLR198C",20.4586620177285,1.42045980745227,0.636768118640794,0.00244688369446221,0.0138991203334084
"YJL161W",17.0035359489374,-1.2231154795697,0.51487951326924,0.00246566655714843,0.0139927725007632
"YDR222W",26.5088192313026,-1.00037304739422,0.402774386498255,0.00248667207077094,0.0140988523454408
"YMR112C",19.5338371731188,1.26113335664011,0.545639716971652,0.00263136836643163,0.0148227266112762
"YJR092W",18.890184716755,1.17805208461603,0.507498318007093,0.00269214518071323,0.0150920773050561
"YMR175W",428.365961817016,-1.03706594280449,0.433850305310375,0.00282487246938055,0.0157382063079291
"snR72",6.43371515779065,-1.98226140763973,0.952607023270972,0.00285284910937641,0.0158506064919318
"YIR021W",26.2176230667684,1.02180226607098,0.422096755938465,0.00286089994678967,0.0158664105329236
"YKR083C",12.3024574661499,1.43451461417324,0.661353960807273,0.00302230136826841,0.0165506979690889
"YPL227C",11.8173956989517,1.34656384234609,0.610371221875164,0.00304007737193892,0.0166181807910024
"YLR200W",16.9888446745515,1.35326340584171,0.617871507518344,0.00307856939208019,0.0167684365010981
"YGR208W",19.4212615241048,1.13753356542375,0.496016498724779,0.00311019781792271,0.0168803701694024
"YCL076W",9.52698558234929,-1.47124276762061,0.686913468657564,0.00312517673012555,0.0169465766638036
"YGR128C",27.716991837804,1.05686354793993,0.44997869096775,0.00326919027518389,0.0176177849047266
"YGR270C-A",13.6604243315496,-1.2357160282253,0.557028484797793,0.00347680441422189,0.0185724127122545
"YMR070W",56.0042237304327,-1.00614031354439,0.430131938310865,0.00361862474457605,0.0192427222033253
"YMR306C-A",6.93793897951295,-1.72838411064892,0.852894340618057,0.00362649401158431,0.0192427222033253
"YNR014W",21.2072034635703,-1.03881203371999,0.44691897335139,0.00362754517007723,0.0192427222033253
"YCR016W",40.855784924078,1.05099344028919,0.458032725028043,0.00367695236730238,0.0194709163151243
"YDR355C",4.14268594722008,2.62864940272556,1.26034693609616,0.00388692717049857,0.0204407429716901
"YMR123W",21.3166188294717,1.00782474061468,0.438276870182516,0.00397993665736187,0.0208578795585732
"YIR020C-B",12.4492385165017,1.26620506529085,0.593680690797772,0.00400688343055721,0.0209810605749538
"YDR406W-A",8.59257341364914,-1.52609354849384,0.767366090037734,0.00409039659995692,0.0213267470288601
"YOR382W",3.22338213602841,-2.72563350674566,1.62926766993782,0.0042013370206859,0.0218491033626967
"YAL046C",21.1289829522875,1.06589843291645,0.484185340354198,0.00430910761573446,0.0223143678146997
"YKL107W",16.528173222129,-1.1083013737623,0.519633094552386,0.0045151079019124,0.0231451494214938
"YAR018C",13.5567285027026,1.19495256167316,0.569031233719997,0.00456126899175244,0.0233033818145274
"YPL252C",16.9335563097345,1.13844248497355,0.538516559266072,0.00468617475570763,0.0237705431322798
"YFR056C",9.09681684547288,-1.36082774755899,0.694383558134591,0.0050955893180406,0.0255408033663302
"YGR081C",14.6283564234791,1.12474124613658,0.535097126569208,0.0051117137424174,0.0255795527586487
"YFL032W",24.8895482537545,1.07698052278214,0.514904170096723,0.00514277960525083,0.0256717786191677
"YJL107C",21.6458403896222,-1.00359989712304,0.462795238797385,0.00515453704674133,0.02568839190506
"YCR050C",5.12484097555017,-1.86456210631292,1.09989586434456,0.00558231965336747,0.0274610478509078
"YPL098C",16.1381132737764,1.07996150634193,0.52149452859385,0.00579828124144258,0.0282950553775761
"YCR094W",17.060501216679,-1.04798168756493,0.508187905550302,0.00590536344959431,0.0287027035289293
"YGR224W",11.6636729098107,-1.2055824761762,0.628502724843626,0.00604237218061117,0.0291824551829042
"YDR053W",13.5486161672544,-1.12326052536462,0.560195215305728,0.00622146798805416,0.0298581475489686
"YMR078C",13.8044546697576,1.11720169410324,0.560654383928088,0.00635471321515122,0.0303542139861651
"YHR139C",14.2849029007328,-1.13031796836076,0.562544366161768,0.00647642810590221,0.0308389291449015
"YHR022C",5.28543540460403,-1.77532314061044,1.06625511954072,0.00667364698886258,0.0316051891197494
"YNL270C",15.6866227862146,-1.02568179952611,0.499111423244646,0.00675177063100976,0.0318514256935019
"YMR144W",6.26683108643936,1.56768400303959,0.906635189688457,0.00680934302666521,0.0320981792324242
"YEL048C",7.39744120168875,1.51448406733784,0.912945893008212,0.00708095152034484,0.0331477722860997
"YNL158W",16.5019062567295,1.01615765029075,0.499296681484864,0.00709507185149333,0.0331883829123959
"YMR169C",18.4283564171938,-1.0005930340158,0.498498001208457,0.00723783666035436,0.0337784184110718
"YIL117C",11.8362875540208,-1.13308123065485,0.598352927629479,0.00748260679486046,0.0346290724485
"YPR174C",16.9464759612463,1.05100327136064,0.527730737027102,0.00752685188884593,0.0347546683806939
"YGL041C",16.3719686079768,1.03245612777228,0.516629501152358,0.00762804732350716,0.0350827357269169
"YLR456W",13.0742072109903,1.15126997176236,0.609642902593561,0.00772938534849296,0.0353912157503982
"YLL046C",4.85225846276488,1.8024205402553,1.17049402495925,0.00796043353018784,0.036235132461908
"YOR055W",13.281375589853,-1.05329583516384,0.546683282040519,0.00816266279264153,0.0368529109045556
"YJL179W",16.1822186727202,1.04461442237526,0.536733515652189,0.0082152508303375,0.0370628821694353
"YGR035W-A",16.0718824615205,-1.01614877515817,0.525165099340922,0.00860657222130663,0.0385430254877765
"YGL007W",10.7191639805098,-1.19414649398737,0.709796113237887,0.00870348913440432,0.0388798686832268
"YPL251W",6.05949066424379,1.44375357789077,0.886594833906644,0.00875977810566136,0.0390569477351909
"YPL277C",18.5187543370457,-1.02672497274651,0.558534374852377,0.00900920486820589,0.0398484061478338
"YHR211W",8.32615310638799,-1.25266939857345,0.754338576758298,0.00906023120502157,0.0400160211555119
"YDR034W-B",7.30313474833063,1.31808174841884,0.820471139935491,0.00963345513699956,0.041790682604991
"YBR233W-A",6.92295889045879,1.32251446043895,0.82350693475089,0.0101090306881534,0.0434823867637933
"YGR108W",7.98257762424103,1.26397801263697,0.768392184030434,0.0101276641542148,0.043507465740397
"YPL119C-A",11.0030334217835,-1.10860611382399,0.629148916996462,0.0105736630473026,0.044885472841888
"YLR437C-A",8.87072647749998,1.20260412266054,0.744565895796769,0.0107238239314403,0.0452407196665153
"YOL085C",6.26267154001743,-1.298556616594,0.855736741112583,0.0114564368415137,0.0476634693167412
"YNL211C",5.57472486878604,1.47407359422753,1.07027266561862,0.011857052490231,0.0488963023869811
